sku,date,quantity,type,split
APP-001,2025-01-01,1,SALE,train
APP-001,2025-01-02,1,SALE,train
APP-001,2025-01-06,1,SALE,train
APP-001,2025-01-07,1,SALE,train
APP-001,2025-01-08,1,SALE,train
APP-001,2025-01-09,1,SALE,train
APP-001,2025-01-11,1,SALE,train
APP-001,2025-01-12,1,SALE,train
APP-001,2025-01-14,1,SALE,train
APP-001,2025-01-15,1,SALE,train
APP-001,2025-01-18,1,SALE,train
APP-001,2025-01-21,1,SALE,train
APP-001,2025-01-22,1,SALE,train
APP-001,2025-01-27,1,SALE,train
APP-001,2025-01-30,1,SALE,train
APP-001,2025-01-31,1,SALE,train
APP-001,2025-02-02,1,SALE,train
APP-001,2025-02-03,1,SALE,train
APP-001,2025-02-08,1,SALE,train
APP-001,2025-02-11,1,SALE,train
APP-001,2025-02-12,1,SALE,train
APP-001,2025-02-14,1,SALE,train
APP-001,2025-02-15,1,SALE,train
APP-001,2025-02-17,1,SALE,train
APP-001,2025-02-19,1,SALE,train
APP-001,2025-02-21,10,RESTOCK,train
APP-001,2025-02-22,1,SALE,train
APP-001,2025-02-26,1,SALE,train
APP-001,2025-02-28,1,SALE,train
APP-001,2025-03-01,1,SALE,train
APP-001,2025-03-04,1,SALE,train
APP-001,2025-03-05,1,SALE,train
APP-001,2025-03-07,1,SALE,train
APP-001,2025-03-11,1,SALE,train
APP-001,2025-03-12,1,SALE,train
APP-001,2025-03-13,1,SALE,train
APP-001,2025-03-14,10,RESTOCK,train
APP-001,2025-03-14,1,SALE,train
APP-001,2025-03-17,1,SALE,train
APP-001,2025-03-18,1,SALE,train
APP-001,2025-03-20,1,SALE,train
APP-001,2025-03-21,1,SALE,train
APP-001,2025-03-23,1,SALE,train
APP-001,2025-03-25,1,SALE,train
APP-001,2025-03-27,1,SALE,train
APP-001,2025-03-29,1,SALE,train
APP-001,2025-03-30,1,SALE,train
APP-001,2025-03-31,10,RESTOCK,train
APP-001,2025-04-01,1,SALE,train
APP-001,2025-04-05,1,SALE,train
APP-001,2025-04-06,1,SALE,train
APP-001,2025-04-08,1,SALE,train
APP-001,2025-04-12,1,SALE,train
APP-001,2025-04-15,1,SALE,train
APP-001,2025-04-19,1,SALE,train
APP-001,2025-04-22,10,RESTOCK,train
APP-001,2025-04-25,1,SALE,train
APP-001,2025-04-26,1,SALE,train
APP-001,2025-04-27,1,SALE,train
APP-001,2025-04-28,1,SALE,train
APP-001,2025-05-03,1,SALE,train
APP-001,2025-05-07,1,SALE,train
APP-001,2025-05-08,1,SALE,train
APP-001,2025-05-14,1,SALE,train
APP-001,2025-05-15,1,SALE,train
APP-001,2025-05-16,1,SALE,train
APP-001,2025-05-18,1,SALE,train
APP-001,2025-05-19,1,SALE,train
APP-001,2025-05-26,10,RESTOCK,train
APP-001,2025-05-26,1,SALE,train
APP-001,2025-05-28,1,SALE,train
APP-001,2025-05-29,1,SALE,train
APP-001,2025-06-01,1,SALE,train
APP-001,2025-06-04,1,SALE,train
APP-001,2025-06-05,1,SALE,train
APP-001,2025-06-07,1,SALE,train
APP-001,2025-06-09,1,SALE,train
APP-001,2025-06-11,1,SALE,train
APP-001,2025-06-14,1,SALE,train
APP-001,2025-06-15,10,RESTOCK,train
APP-001,2025-06-16,1,SALE,train
APP-001,2025-06-18,1,SALE,train
APP-001,2025-06-19,1,SALE,train
APP-001,2025-06-23,1,SALE,train
APP-001,2025-06-25,1,SALE,train
APP-001,2025-06-28,1,SALE,train
APP-001,2025-06-29,1,SALE,train
APP-001,2025-06-30,1,SALE,train
APP-001,2025-07-02,1,SALE,train
APP-001,2025-07-03,1,SALE,train
APP-001,2025-07-04,1,SALE,train
APP-001,2025-07-08,10,RESTOCK,train
APP-001,2025-07-12,1,SALE,train
APP-001,2025-07-18,1,SALE,train
APP-001,2025-07-20,1,SALE,train
APP-001,2025-07-21,1,SALE,train
APP-001,2025-07-23,1,SALE,train
APP-001,2025-07-24,1,SALE,train
APP-001,2025-07-25,1,SALE,train
APP-001,2025-07-26,1,SALE,train
APP-001,2025-07-29,1,SALE,train
APP-001,2025-08-01,1,SALE,train
APP-001,2025-08-02,10,RESTOCK,train
APP-001,2025-08-12,1,SALE,train
APP-001,2025-08-13,1,SALE,train
APP-001,2025-08-14,1,SALE,train
APP-001,2025-08-15,1,SALE,train
APP-001,2025-08-17,1,SALE,train
APP-001,2025-08-22,1,SALE,train
APP-001,2025-08-25,1,SALE,train
APP-001,2025-08-28,1,SALE,train
APP-001,2025-08-29,10,RESTOCK,train
APP-001,2025-08-29,1,SALE,train
APP-001,2025-08-30,1,SALE,train
APP-001,2025-09-02,1,SALE,train
APP-001,2025-09-09,1,SALE,train
APP-001,2025-09-12,1,SALE,train
APP-001,2025-09-13,1,SALE,train
APP-001,2025-09-14,1,SALE,train
APP-001,2025-09-21,1,SALE,train
APP-001,2025-09-24,10,RESTOCK,train
APP-001,2025-09-24,1,SALE,train
APP-001,2025-09-25,1,SALE,train
APP-001,2025-09-28,1,SALE,holdout
APP-001,2025-09-30,1,SALE,holdout
APP-001,2025-10-06,1,SALE,holdout
APP-001,2025-10-07,1,SALE,holdout
APP-001,2025-10-08,1,SALE,holdout
APP-001,2025-10-09,1,SALE,holdout
APP-001,2025-10-12,1,SALE,holdout
APP-001,2025-10-15,1,SALE,holdout
APP-001,2025-10-16,1,SALE,holdout
APP-001,2025-10-18,1,SALE,holdout
APP-001,2025-10-21,1,SALE,holdout
APP-001,2025-10-22,10,RESTOCK,holdout
APP-001,2025-10-22,1,SALE,holdout
APP-001,2025-10-24,1,SALE,holdout
APP-002,2025-01-01,2,SALE,train
APP-002,2025-01-02,3,SALE,train
APP-002,2025-01-03,2,SALE,train
APP-002,2025-01-04,1,SALE,train
APP-002,2025-01-05,3,SALE,train
APP-002,2025-01-06,3,SALE,train
APP-002,2025-01-07,2,SALE,train
APP-002,2025-01-08,4,SALE,train
APP-002,2025-01-09,1,SALE,train
APP-002,2025-01-10,4,SALE,train
APP-002,2025-01-11,2,SALE,train
APP-002,2025-01-12,3,SALE,train
APP-002,2025-01-13,1,SALE,train
APP-002,2025-01-14,2,SALE,train
APP-002,2025-01-15,3,SALE,train
APP-002,2025-01-16,35,RESTOCK,train
APP-002,2025-01-16,2,SALE,train
APP-002,2025-01-17,2,SALE,train
APP-002,2025-01-18,2,SALE,train
APP-002,2025-01-19,3,SALE,train
APP-002,2025-01-20,3,SALE,train
APP-002,2025-01-21,4,SALE,train
APP-002,2025-01-22,2,SALE,train
APP-002,2025-01-23,2,SALE,train
APP-002,2025-01-24,3,SALE,train
APP-002,2025-01-25,1,SALE,train
APP-002,2025-01-26,1,SALE,train
APP-002,2025-01-27,3,SALE,train
APP-002,2025-01-28,1,SALE,train
APP-002,2025-01-29,35,RESTOCK,train
APP-002,2025-01-29,1,SALE,train
APP-002,2025-01-30,4,SALE,train
APP-002,2025-01-31,1,SALE,train
APP-002,2025-02-01,3,SALE,train
APP-002,2025-02-02,3,SALE,train
APP-002,2025-02-04,2,SALE,train
APP-002,2025-02-05,3,SALE,train
APP-002,2025-02-06,3,SALE,train
APP-002,2025-02-07,3,SALE,train
APP-002,2025-02-08,2,SALE,train
APP-002,2025-02-09,3,SALE,train
APP-002,2025-02-10,2,SALE,train
APP-002,2025-02-11,1,SALE,train
APP-002,2025-02-12,1,SALE,train
APP-002,2025-02-13,1,SALE,train
APP-002,2025-02-14,3,SALE,train
APP-002,2025-02-15,1,SALE,train
APP-002,2025-02-16,35,RESTOCK,train
APP-002,2025-02-16,3,SALE,train
APP-002,2025-02-17,2,SALE,train
APP-002,2025-02-18,2,SALE,train
APP-002,2025-02-19,4,SALE,train
APP-002,2025-02-20,2,SALE,train
APP-002,2025-02-21,3,SALE,train
APP-002,2025-02-22,3,SALE,train
APP-002,2025-02-23,2,SALE,train
APP-002,2025-02-24,5,SALE,train
APP-002,2025-02-25,1,SALE,train
APP-002,2025-02-26,4,SALE,train
APP-002,2025-02-27,3,SALE,train
APP-002,2025-02-28,2,SALE,train
APP-002,2025-03-01,4,SALE,train
APP-002,2025-03-02,35,RESTOCK,train
APP-002,2025-03-02,1,SALE,train
APP-002,2025-03-03,2,SALE,train
APP-002,2025-03-04,1,SALE,train
APP-002,2025-03-05,3,SALE,train
APP-002,2025-03-06,2,SALE,train
APP-002,2025-03-07,3,SALE,train
APP-002,2025-03-09,2,SALE,train
APP-002,2025-03-10,3,SALE,train
APP-002,2025-03-11,2,SALE,train
APP-002,2025-03-12,2,SALE,train
APP-002,2025-03-13,5,SALE,train
APP-002,2025-03-14,2,SALE,train
APP-002,2025-03-15,35,RESTOCK,train
APP-002,2025-03-15,1,SALE,train
APP-002,2025-03-16,2,SALE,train
APP-002,2025-03-17,1,SALE,train
APP-002,2025-03-18,3,SALE,train
APP-002,2025-03-19,3,SALE,train
APP-002,2025-03-20,3,SALE,train
APP-002,2025-03-21,2,SALE,train
APP-002,2025-03-22,2,SALE,train
APP-002,2025-03-23,2,SALE,train
APP-002,2025-03-24,2,SALE,train
APP-002,2025-03-25,3,SALE,train
APP-002,2025-03-26,3,SALE,train
APP-002,2025-03-27,3,SALE,train
APP-002,2025-03-28,3,SALE,train
APP-002,2025-03-30,3,SALE,train
APP-002,2025-03-31,3,SALE,train
APP-002,2025-04-01,35,RESTOCK,train
APP-002,2025-04-01,4,SALE,train
APP-002,2025-04-02,2,SALE,train
APP-002,2025-04-03,2,SALE,train
APP-002,2025-04-04,1,SALE,train
APP-002,2025-04-05,3,SALE,train
APP-002,2025-04-06,1,SALE,train
APP-002,2025-04-07,3,SALE,train
APP-002,2025-04-08,2,SALE,train
APP-002,2025-04-09,3,SALE,train
APP-002,2025-04-10,2,SALE,train
APP-002,2025-04-11,2,SALE,train
APP-002,2025-04-12,3,SALE,train
APP-002,2025-04-13,4,SALE,train
APP-002,2025-04-14,2,SALE,train
APP-002,2025-04-15,35,RESTOCK,train
APP-002,2025-04-15,3,SALE,train
APP-002,2025-04-16,3,SALE,train
APP-002,2025-04-17,3,SALE,train
APP-002,2025-04-19,4,SALE,train
APP-002,2025-04-20,1,SALE,train
APP-002,2025-04-21,2,SALE,train
APP-002,2025-04-22,3,SALE,train
APP-002,2025-04-23,3,SALE,train
APP-002,2025-04-24,4,SALE,train
APP-002,2025-04-25,4,SALE,train
APP-002,2025-04-26,2,SALE,train
APP-002,2025-04-27,4,SALE,train
APP-002,2025-04-29,35,RESTOCK,train
APP-002,2025-04-29,3,SALE,train
APP-002,2025-04-30,4,SALE,train
APP-002,2025-05-01,4,SALE,train
APP-002,2025-05-02,3,SALE,train
APP-002,2025-05-03,2,SALE,train
APP-002,2025-05-04,1,SALE,train
APP-002,2025-05-05,3,SALE,train
APP-002,2025-05-06,2,SALE,train
APP-002,2025-05-07,2,SALE,train
APP-002,2025-05-08,1,SALE,train
APP-002,2025-05-09,2,SALE,train
APP-002,2025-05-10,2,SALE,train
APP-002,2025-05-11,35,RESTOCK,train
APP-002,2025-05-11,3,SALE,train
APP-002,2025-05-12,2,SALE,train
APP-002,2025-05-13,3,SALE,train
APP-002,2025-05-14,2,SALE,train
APP-002,2025-05-15,2,SALE,train
APP-002,2025-05-16,3,SALE,train
APP-002,2025-05-17,4,SALE,train
APP-002,2025-05-18,3,SALE,train
APP-002,2025-05-19,2,SALE,train
APP-002,2025-05-20,1,SALE,train
APP-002,2025-05-21,2,SALE,train
APP-002,2025-05-22,3,SALE,train
APP-002,2025-05-23,2,SALE,train
APP-002,2025-05-24,1,SALE,train
APP-002,2025-05-25,2,SALE,train
APP-002,2025-05-26,35,RESTOCK,train
APP-002,2025-05-26,4,SALE,train
APP-002,2025-05-27,4,SALE,train
APP-002,2025-05-28,2,SALE,train
APP-002,2025-05-29,3,SALE,train
APP-002,2025-05-30,1,SALE,train
APP-002,2025-05-31,4,SALE,train
APP-002,2025-06-01,3,SALE,train
APP-002,2025-06-02,3,SALE,train
APP-002,2025-06-03,1,SALE,train
APP-002,2025-06-04,3,SALE,train
APP-002,2025-06-05,2,SALE,train
APP-002,2025-06-06,3,SALE,train
APP-002,2025-06-07,3,SALE,train
APP-002,2025-06-08,3,SALE,train
APP-002,2025-06-09,2,SALE,train
APP-002,2025-06-10,35,RESTOCK,train
APP-002,2025-06-10,3,SALE,train
APP-002,2025-06-11,2,SALE,train
APP-002,2025-06-12,2,SALE,train
APP-002,2025-06-13,2,SALE,train
APP-002,2025-06-14,1,SALE,train
APP-002,2025-06-15,2,SALE,train
APP-002,2025-06-16,3,SALE,train
APP-002,2025-06-17,3,SALE,train
APP-002,2025-06-18,2,SALE,train
APP-002,2025-06-19,3,SALE,train
APP-002,2025-06-20,2,SALE,train
APP-002,2025-06-21,3,SALE,train
APP-002,2025-06-22,2,SALE,train
APP-002,2025-06-23,3,SALE,train
APP-002,2025-06-24,1,SALE,train
APP-002,2025-06-25,2,SALE,train
APP-002,2025-06-26,35,RESTOCK,train
APP-002,2025-06-26,1,SALE,train
APP-002,2025-06-27,2,SALE,train
APP-002,2025-06-28,4,SALE,train
APP-002,2025-06-29,2,SALE,train
APP-002,2025-06-30,2,SALE,train
APP-002,2025-07-01,3,SALE,train
APP-002,2025-07-02,3,SALE,train
APP-002,2025-07-03,2,SALE,train
APP-002,2025-07-04,3,SALE,train
APP-002,2025-07-05,2,SALE,train
APP-002,2025-07-06,4,SALE,train
APP-002,2025-07-07,4,SALE,train
APP-002,2025-07-08,3,SALE,train
APP-002,2025-07-09,35,RESTOCK,train
APP-002,2025-07-09,1,SALE,train
APP-002,2025-07-10,2,SALE,train
APP-002,2025-07-11,3,SALE,train
APP-002,2025-07-12,2,SALE,train
APP-002,2025-07-14,3,SALE,train
APP-002,2025-07-15,2,SALE,train
APP-002,2025-07-16,3,SALE,train
APP-002,2025-07-17,2,SALE,train
APP-002,2025-07-18,2,SALE,train
APP-002,2025-07-19,2,SALE,train
APP-002,2025-07-20,4,SALE,train
APP-002,2025-07-21,4,SALE,train
APP-002,2025-07-22,1,SALE,train
APP-002,2025-07-23,1,SALE,train
APP-002,2025-07-24,35,RESTOCK,train
APP-002,2025-07-24,2,SALE,train
APP-002,2025-07-25,1,SALE,train
APP-002,2025-07-26,3,SALE,train
APP-002,2025-07-27,3,SALE,train
APP-002,2025-07-28,4,SALE,train
APP-002,2025-07-29,3,SALE,train
APP-002,2025-07-30,2,SALE,train
APP-002,2025-07-31,1,SALE,train
APP-002,2025-08-01,3,SALE,train
APP-002,2025-08-02,3,SALE,train
APP-002,2025-08-03,3,SALE,train
APP-002,2025-08-04,2,SALE,train
APP-002,2025-08-05,2,SALE,train
APP-002,2025-08-06,1,SALE,train
APP-002,2025-08-07,35,RESTOCK,train
APP-002,2025-08-08,2,SALE,train
APP-002,2025-08-09,1,SALE,train
APP-002,2025-08-10,3,SALE,train
APP-002,2025-08-11,2,SALE,train
APP-002,2025-08-12,2,SALE,train
APP-002,2025-08-13,2,SALE,train
APP-002,2025-08-15,4,SALE,train
APP-002,2025-08-16,2,SALE,train
APP-002,2025-08-17,2,SALE,train
APP-002,2025-08-18,1,SALE,train
APP-002,2025-08-19,3,SALE,train
APP-002,2025-08-20,3,SALE,train
APP-002,2025-08-21,2,SALE,train
APP-002,2025-08-22,2,SALE,train
APP-002,2025-08-23,4,SALE,train
APP-002,2025-08-24,2,SALE,train
APP-002,2025-08-25,2,SALE,train
APP-002,2025-08-26,2,SALE,train
APP-002,2025-08-27,1,SALE,train
APP-002,2025-08-28,35,RESTOCK,train
APP-002,2025-08-28,2,SALE,train
APP-002,2025-08-29,3,SALE,train
APP-002,2025-08-30,3,SALE,train
APP-002,2025-08-31,1,SALE,train
APP-002,2025-09-01,2,SALE,train
APP-002,2025-09-02,2,SALE,train
APP-002,2025-09-03,2,SALE,train
APP-002,2025-09-04,2,SALE,train
APP-002,2025-09-05,2,SALE,train
APP-002,2025-09-06,3,SALE,train
APP-002,2025-09-07,2,SALE,train
APP-002,2025-09-08,3,SALE,train
APP-002,2025-09-09,3,SALE,train
APP-002,2025-09-10,2,SALE,train
APP-002,2025-09-11,35,RESTOCK,train
APP-002,2025-09-11,4,SALE,train
APP-002,2025-09-12,4,SALE,train
APP-002,2025-09-13,3,SALE,train
APP-002,2025-09-15,4,SALE,train
APP-002,2025-09-16,3,SALE,train
APP-002,2025-09-17,4,SALE,train
APP-002,2025-09-18,4,SALE,train
APP-002,2025-09-19,4,SALE,train
APP-002,2025-09-20,3,SALE,train
APP-002,2025-09-21,4,SALE,train
APP-002,2025-09-22,4,SALE,train
APP-002,2025-09-25,35,RESTOCK,train
APP-002,2025-09-25,2,SALE,train
APP-002,2025-09-26,3,SALE,train
APP-002,2025-09-27,3,SALE,train
APP-002,2025-09-28,1,SALE,holdout
APP-002,2025-09-29,1,SALE,holdout
APP-002,2025-09-30,2,SALE,holdout
APP-002,2025-10-01,3,SALE,holdout
APP-002,2025-10-02,4,SALE,holdout
APP-002,2025-10-03,3,SALE,holdout
APP-002,2025-10-04,3,SALE,holdout
APP-002,2025-10-05,2,SALE,holdout
APP-002,2025-10-06,35,RESTOCK,holdout
APP-002,2025-10-06,1,SALE,holdout
APP-002,2025-10-07,2,SALE,holdout
APP-002,2025-10-08,2,SALE,holdout
APP-002,2025-10-09,2,SALE,holdout
APP-002,2025-10-10,3,SALE,holdout
APP-002,2025-10-11,3,SALE,holdout
APP-002,2025-10-13,2,SALE,holdout
APP-002,2025-10-14,1,SALE,holdout
APP-002,2025-10-15,2,SALE,holdout
APP-002,2025-10-16,3,SALE,holdout
APP-002,2025-10-17,4,SALE,holdout
APP-002,2025-10-18,2,SALE,holdout
APP-002,2025-10-19,3,SALE,holdout
APP-002,2025-10-21,3,SALE,holdout
APP-002,2025-10-22,3,SALE,holdout
APP-002,2025-10-23,2,SALE,holdout
APP-002,2025-10-24,35,RESTOCK,holdout
APP-002,2025-10-24,2,SALE,holdout
APP-002,2025-10-25,2,SALE,holdout
APP-002,2025-10-26,2,SALE,holdout
APP-002,2025-10-27,3,SALE,holdout
APP-003,2025-01-01,1,SALE,train
APP-003,2025-01-02,1,SALE,train
APP-003,2025-01-03,1,SALE,train
APP-003,2025-01-04,2,SALE,train
APP-003,2025-01-05,1,SALE,train
APP-003,2025-01-06,1,SALE,train
APP-003,2025-01-08,2,SALE,train
APP-003,2025-01-09,2,SALE,train
APP-003,2025-01-10,1,SALE,train
APP-003,2025-01-11,1,SALE,train
APP-003,2025-01-12,2,SALE,train
APP-003,2025-01-13,2,SALE,train
APP-003,2025-01-14,2,SALE,train
APP-003,2025-01-15,1,SALE,train
APP-003,2025-01-16,1,SALE,train
APP-003,2025-01-17,1,SALE,train
APP-003,2025-01-18,2,SALE,train
APP-003,2025-01-19,21,RESTOCK,train
APP-003,2025-01-19,1,SALE,train
APP-003,2025-01-20,2,SALE,train
APP-003,2025-01-21,1,SALE,train
APP-003,2025-01-22,1,SALE,train
APP-003,2025-01-23,1,SALE,train
APP-003,2025-01-24,2,SALE,train
APP-003,2025-01-25,2,SALE,train
APP-003,2025-01-26,3,SALE,train
APP-003,2025-01-27,2,SALE,train
APP-003,2025-01-28,1,SALE,train
APP-003,2025-01-29,2,SALE,train
APP-003,2025-01-30,1,SALE,train
APP-003,2025-01-31,2,SALE,train
APP-003,2025-02-01,1,SALE,train
APP-003,2025-02-03,21,RESTOCK,train
APP-003,2025-02-03,2,SALE,train
APP-003,2025-02-04,2,SALE,train
APP-003,2025-02-05,2,SALE,train
APP-003,2025-02-06,1,SALE,train
APP-003,2025-02-07,2,SALE,train
APP-003,2025-02-08,1,SALE,train
APP-003,2025-02-09,2,SALE,train
APP-003,2025-02-10,1,SALE,train
APP-003,2025-02-11,2,SALE,train
APP-003,2025-02-12,2,SALE,train
APP-003,2025-02-13,1,SALE,train
APP-003,2025-02-14,2,SALE,train
APP-003,2025-02-15,1,SALE,train
APP-003,2025-02-16,21,RESTOCK,train
APP-003,2025-02-16,1,SALE,train
APP-003,2025-02-17,2,SALE,train
APP-003,2025-02-18,2,SALE,train
APP-003,2025-02-20,2,SALE,train
APP-003,2025-02-21,1,SALE,train
APP-003,2025-02-22,1,SALE,train
APP-003,2025-02-23,1,SALE,train
APP-003,2025-02-24,1,SALE,train
APP-003,2025-02-25,2,SALE,train
APP-003,2025-02-26,2,SALE,train
APP-003,2025-02-27,1,SALE,train
APP-003,2025-02-28,1,SALE,train
APP-003,2025-03-01,2,SALE,train
APP-003,2025-03-02,21,RESTOCK,train
APP-003,2025-03-02,2,SALE,train
APP-003,2025-03-03,1,SALE,train
APP-003,2025-03-04,2,SALE,train
APP-003,2025-03-05,2,SALE,train
APP-003,2025-03-07,2,SALE,train
APP-003,2025-03-08,2,SALE,train
APP-003,2025-03-09,2,SALE,train
APP-003,2025-03-10,2,SALE,train
APP-003,2025-03-11,2,SALE,train
APP-003,2025-03-12,1,SALE,train
APP-003,2025-03-13,1,SALE,train
APP-003,2025-03-14,1,SALE,train
APP-003,2025-03-15,2,SALE,train
APP-003,2025-03-16,1,SALE,train
APP-003,2025-03-17,21,RESTOCK,train
APP-003,2025-03-17,2,SALE,train
APP-003,2025-03-18,2,SALE,train
APP-003,2025-03-19,2,SALE,train
APP-003,2025-03-20,2,SALE,train
APP-003,2025-03-21,1,SALE,train
APP-003,2025-03-22,1,SALE,train
APP-003,2025-03-23,1,SALE,train
APP-003,2025-03-24,1,SALE,train
APP-003,2025-03-25,1,SALE,train
APP-003,2025-03-26,1,SALE,train
APP-003,2025-03-27,2,SALE,train
APP-003,2025-03-28,1,SALE,train
APP-003,2025-03-29,21,RESTOCK,train
APP-003,2025-03-29,2,SALE,train
APP-003,2025-03-30,2,SALE,train
APP-003,2025-03-31,2,SALE,train
APP-003,2025-04-01,1,SALE,train
APP-003,2025-04-02,2,SALE,train
APP-003,2025-04-03,1,SALE,train
APP-003,2025-04-04,2,SALE,train
APP-003,2025-04-05,1,SALE,train
APP-003,2025-04-06,1,SALE,train
APP-003,2025-04-07,1,SALE,train
APP-003,2025-04-09,1,SALE,train
APP-003,2025-04-10,2,SALE,train
APP-003,2025-04-11,1,SALE,train
APP-003,2025-04-12,1,SALE,train
APP-003,2025-04-13,2,SALE,train
APP-003,2025-04-14,3,SALE,train
APP-003,2025-04-15,21,RESTOCK,train
APP-003,2025-04-15,2,SALE,train
APP-003,2025-04-16,1,SALE,train
APP-003,2025-04-18,3,SALE,train
APP-003,2025-04-19,3,SALE,train
APP-003,2025-04-20,2,SALE,train
APP-003,2025-04-21,1,SALE,train
APP-003,2025-04-22,2,SALE,train
APP-003,2025-04-23,1,SALE,train
APP-003,2025-04-24,1,SALE,train
APP-003,2025-04-25,2,SALE,train
APP-003,2025-04-26,2,SALE,train
APP-003,2025-04-27,1,SALE,train
APP-003,2025-04-28,1,SALE,train
APP-003,2025-04-29,2,SALE,train
APP-003,2025-04-30,21,RESTOCK,train
APP-003,2025-04-30,2,SALE,train
APP-003,2025-05-01,2,SALE,train
APP-003,2025-05-02,2,SALE,train
APP-003,2025-05-03,1,SALE,train
APP-003,2025-05-04,2,SALE,train
APP-003,2025-05-06,1,SALE,train
APP-003,2025-05-07,2,SALE,train
APP-003,2025-05-08,1,SALE,train
APP-003,2025-05-09,1,SALE,train
APP-003,2025-05-10,1,SALE,train
APP-003,2025-05-11,21,RESTOCK,train
APP-003,2025-05-11,2,SALE,train
APP-003,2025-05-12,2,SALE,train
APP-003,2025-05-13,2,SALE,train
APP-003,2025-05-15,1,SALE,train
APP-003,2025-05-16,1,SALE,train
APP-003,2025-05-17,1,SALE,train
APP-003,2025-05-18,1,SALE,train
APP-003,2025-05-19,1,SALE,train
APP-003,2025-05-20,2,SALE,train
APP-003,2025-05-22,3,SALE,train
APP-003,2025-05-23,2,SALE,train
APP-003,2025-05-24,1,SALE,train
APP-003,2025-05-25,2,SALE,train
APP-003,2025-05-26,1,SALE,train
APP-003,2025-05-27,1,SALE,train
APP-003,2025-05-28,21,RESTOCK,train
APP-003,2025-05-28,1,SALE,train
APP-003,2025-05-29,2,SALE,train
APP-003,2025-05-30,1,SALE,train
APP-003,2025-05-31,3,SALE,train
APP-003,2025-06-01,2,SALE,train
APP-003,2025-06-02,3,SALE,train
APP-003,2025-06-03,5,SALE,train
APP-003,2025-06-04,4,SALE,train
APP-003,2025-06-05,3,SALE,train
APP-003,2025-06-06,3,SALE,train
APP-003,2025-06-12,21,RESTOCK,train
APP-003,2025-06-12,3,SALE,train
APP-003,2025-06-13,2,SALE,train
APP-003,2025-06-14,2,SALE,train
APP-003,2025-06-15,2,SALE,train
APP-003,2025-06-16,3,SALE,train
APP-003,2025-06-17,1,SALE,train
APP-003,2025-06-18,4,SALE,train
APP-003,2025-06-20,4,SALE,train
APP-003,2025-06-23,21,RESTOCK,train
APP-003,2025-06-23,3,SALE,train
APP-003,2025-06-24,3,SALE,train
APP-003,2025-06-25,2,SALE,train
APP-003,2025-06-26,3,SALE,train
APP-003,2025-06-27,3,SALE,train
APP-003,2025-06-28,3,SALE,train
APP-003,2025-06-29,3,SALE,train
APP-003,2025-06-30,1,SALE,train
APP-003,2025-07-05,21,RESTOCK,train
APP-003,2025-07-05,4,SALE,train
APP-003,2025-07-06,2,SALE,train
APP-003,2025-07-07,3,SALE,train
APP-003,2025-07-08,4,SALE,train
APP-003,2025-07-09,3,SALE,train
APP-003,2025-07-10,3,SALE,train
APP-003,2025-07-11,2,SALE,train
APP-003,2025-07-14,21,RESTOCK,train
APP-003,2025-07-14,4,SALE,train
APP-003,2025-07-15,3,SALE,train
APP-003,2025-07-16,2,SALE,train
APP-003,2025-07-17,3,SALE,train
APP-003,2025-07-18,2,SALE,train
APP-003,2025-07-19,3,SALE,train
APP-003,2025-07-21,3,SALE,train
APP-003,2025-07-22,1,SALE,train
APP-003,2025-07-23,21,RESTOCK,train
APP-003,2025-07-23,2,SALE,train
APP-003,2025-07-24,2,SALE,train
APP-003,2025-07-25,2,SALE,train
APP-003,2025-07-26,3,SALE,train
APP-003,2025-07-27,1,SALE,train
APP-003,2025-07-28,3,SALE,train
APP-003,2025-07-29,4,SALE,train
APP-003,2025-07-30,3,SALE,train
APP-003,2025-07-31,1,SALE,train
APP-003,2025-08-02,21,RESTOCK,train
APP-003,2025-08-02,4,SALE,train
APP-003,2025-08-03,5,SALE,train
APP-003,2025-08-04,2,SALE,train
APP-003,2025-08-05,2,SALE,train
APP-003,2025-08-06,4,SALE,train
APP-003,2025-08-07,3,SALE,train
APP-003,2025-08-08,1,SALE,train
APP-003,2025-08-11,21,RESTOCK,train
APP-003,2025-08-11,3,SALE,train
APP-003,2025-08-12,2,SALE,train
APP-003,2025-08-13,5,SALE,train
APP-003,2025-08-14,2,SALE,train
APP-003,2025-08-15,2,SALE,train
APP-003,2025-08-16,2,SALE,train
APP-003,2025-08-17,2,SALE,train
APP-003,2025-08-18,2,SALE,train
APP-003,2025-08-19,1,SALE,train
APP-003,2025-08-20,21,RESTOCK,train
APP-003,2025-08-20,1,SALE,train
APP-003,2025-08-21,2,SALE,train
APP-003,2025-08-22,5,SALE,train
APP-003,2025-08-23,3,SALE,train
APP-003,2025-08-24,4,SALE,train
APP-003,2025-08-25,4,SALE,train
APP-003,2025-08-26,2,SALE,train
APP-003,2025-08-30,21,RESTOCK,train
APP-003,2025-08-30,1,SALE,train
APP-003,2025-08-31,1,SALE,train
APP-003,2025-09-01,1,SALE,train
APP-003,2025-09-02,2,SALE,train
APP-003,2025-09-03,2,SALE,train
APP-003,2025-09-04,1,SALE,train
APP-003,2025-09-06,1,SALE,train
APP-003,2025-09-07,1,SALE,train
APP-003,2025-09-08,1,SALE,train
APP-003,2025-09-09,1,SALE,train
APP-003,2025-09-10,1,SALE,train
APP-003,2025-09-11,1,SALE,train
APP-003,2025-09-12,21,RESTOCK,train
APP-003,2025-09-12,1,SALE,train
APP-003,2025-09-13,1,SALE,train
APP-003,2025-09-14,1,SALE,train
APP-003,2025-09-15,1,SALE,train
APP-003,2025-09-16,1,SALE,train
APP-003,2025-09-17,1,SALE,train
APP-003,2025-09-18,2,SALE,train
APP-003,2025-09-19,2,SALE,train
APP-003,2025-09-20,1,SALE,train
APP-003,2025-09-21,1,SALE,train
APP-003,2025-09-22,2,SALE,train
APP-003,2025-09-23,2,SALE,train
APP-003,2025-09-24,2,SALE,train
APP-003,2025-09-25,2,SALE,train
APP-003,2025-09-26,2,SALE,train
APP-003,2025-09-27,2,SALE,train
APP-003,2025-09-28,2,SALE,holdout
APP-003,2025-09-29,2,SALE,holdout
APP-003,2025-09-30,21,RESTOCK,holdout
APP-003,2025-09-30,1,SALE,holdout
APP-003,2025-10-01,1,SALE,holdout
APP-003,2025-10-02,2,SALE,holdout
APP-003,2025-10-03,2,SALE,holdout
APP-003,2025-10-04,2,SALE,holdout
APP-003,2025-10-05,2,SALE,holdout
APP-003,2025-10-06,1,SALE,holdout
APP-003,2025-10-07,1,SALE,holdout
APP-003,2025-10-08,2,SALE,holdout
APP-003,2025-10-09,1,SALE,holdout
APP-003,2025-10-10,4,SALE,holdout
APP-003,2025-10-11,21,RESTOCK,holdout
APP-003,2025-10-12,1,SALE,holdout
APP-003,2025-10-13,1,SALE,holdout
APP-003,2025-10-14,1,SALE,holdout
APP-003,2025-10-15,2,SALE,holdout
APP-003,2025-10-16,2,SALE,holdout
APP-003,2025-10-17,1,SALE,holdout
APP-003,2025-10-18,1,SALE,holdout
APP-003,2025-10-19,2,SALE,holdout
APP-003,2025-10-20,2,SALE,holdout
APP-003,2025-10-21,2,SALE,holdout
APP-003,2025-10-22,1,SALE,holdout
APP-003,2025-10-23,2,SALE,holdout
APP-003,2025-10-24,2,SALE,holdout
APP-003,2025-10-25,2,SALE,holdout
APP-003,2025-10-26,21,RESTOCK,holdout
APP-003,2025-10-26,2,SALE,holdout
APP-003,2025-10-27,2,SALE,holdout
BEV-001,2025-01-01,25,SALE,train
BEV-001,2025-01-02,21,SALE,train
BEV-001,2025-01-03,41,SALE,train
BEV-001,2025-01-04,49,SALE,train
BEV-001,2025-01-05,21,SALE,train
BEV-001,2025-01-06,21,SALE,train
BEV-001,2025-01-07,308,RESTOCK,train
BEV-001,2025-01-07,31,SALE,train
BEV-001,2025-01-08,26,SALE,train
BEV-001,2025-01-09,19,SALE,train
BEV-001,2025-01-10,40,SALE,train
BEV-001,2025-01-11,31,SALE,train
BEV-001,2025-01-12,19,SALE,train
BEV-001,2025-01-13,23,SALE,train
BEV-001,2025-01-14,11,SALE,train
BEV-001,2025-01-15,13,SALE,train
BEV-001,2025-01-16,19,SALE,train
BEV-001,2025-01-17,26,SALE,train
BEV-001,2025-01-18,38,SALE,train
BEV-001,2025-01-19,308,RESTOCK,train
BEV-001,2025-01-19,17,SALE,train
BEV-001,2025-01-20,14,SALE,train
BEV-001,2025-01-21,30,SALE,train
BEV-001,2025-01-23,22,SALE,train
BEV-001,2025-01-24,23,SALE,train
BEV-001,2025-01-25,30,SALE,train
BEV-001,2025-01-26,23,SALE,train
BEV-001,2025-01-27,16,SALE,train
BEV-001,2025-01-28,24,SALE,train
BEV-001,2025-01-29,19,SALE,train
BEV-001,2025-01-30,20,SALE,train
BEV-001,2025-01-31,30,SALE,train
BEV-001,2025-02-01,52,SALE,train
BEV-001,2025-02-02,2,SALE,train
BEV-001,2025-02-03,308,RESTOCK,train
BEV-001,2025-02-03,16,SALE,train
BEV-001,2025-02-04,27,SALE,train
BEV-001,2025-02-05,15,SALE,train
BEV-001,2025-02-06,23,SALE,train
BEV-001,2025-02-07,18,SALE,train
BEV-001,2025-02-08,24,SALE,train
BEV-001,2025-02-09,23,SALE,train
BEV-001,2025-02-10,26,SALE,train
BEV-001,2025-02-11,23,SALE,train
BEV-001,2025-02-12,21,SALE,train
BEV-001,2025-02-13,20,SALE,train
BEV-001,2025-02-14,22,SALE,train
BEV-001,2025-02-15,29,SALE,train
BEV-001,2025-02-16,308,RESTOCK,train
BEV-001,2025-02-16,19,SALE,train
BEV-001,2025-02-17,28,SALE,train
BEV-001,2025-02-18,24,SALE,train
BEV-001,2025-02-19,12,SALE,train
BEV-001,2025-02-20,24,SALE,train
BEV-001,2025-02-21,32,SALE,train
BEV-001,2025-02-22,29,SALE,train
BEV-001,2025-02-23,25,SALE,train
BEV-001,2025-02-24,28,SALE,train
BEV-001,2025-02-25,27,SALE,train
BEV-001,2025-02-26,17,SALE,train
BEV-001,2025-02-27,20,SALE,train
BEV-001,2025-02-28,308,RESTOCK,train
BEV-001,2025-02-28,38,SALE,train
BEV-001,2025-03-01,44,SALE,train
BEV-001,2025-03-02,19,SALE,train
BEV-001,2025-03-03,21,SALE,train
BEV-001,2025-03-04,16,SALE,train
BEV-001,2025-03-05,15,SALE,train
BEV-001,2025-03-06,26,SALE,train
BEV-001,2025-03-07,47,SALE,train
BEV-001,2025-03-08,35,SALE,train
BEV-001,2025-03-09,28,SALE,train
BEV-001,2025-03-10,24,SALE,train
BEV-001,2025-03-11,18,SALE,train
BEV-001,2025-03-12,308,RESTOCK,train
BEV-001,2025-03-13,30,SALE,train
BEV-001,2025-03-14,35,SALE,train
BEV-001,2025-03-15,49,SALE,train
BEV-001,2025-03-16,8,SALE,train
BEV-001,2025-03-17,27,SALE,train
BEV-001,2025-03-18,22,SALE,train
BEV-001,2025-03-19,20,SALE,train
BEV-001,2025-03-20,23,SALE,train
BEV-001,2025-03-21,18,SALE,train
BEV-001,2025-03-22,33,SALE,train
BEV-001,2025-03-23,24,SALE,train
BEV-001,2025-03-24,30,SALE,train
BEV-001,2025-03-25,308,RESTOCK,train
BEV-001,2025-03-25,19,SALE,train
BEV-001,2025-03-27,19,SALE,train
BEV-001,2025-03-28,43,SALE,train
BEV-001,2025-03-29,38,SALE,train
BEV-001,2025-03-30,19,SALE,train
BEV-001,2025-03-31,25,SALE,train
BEV-001,2025-04-01,23,SALE,train
BEV-001,2025-04-02,27,SALE,train
BEV-001,2025-04-03,18,SALE,train
BEV-001,2025-04-04,32,SALE,train
BEV-001,2025-04-05,32,SALE,train
BEV-001,2025-04-06,14,SALE,train
BEV-001,2025-04-07,308,RESTOCK,train
BEV-001,2025-04-07,24,SALE,train
BEV-001,2025-04-08,23,SALE,train
BEV-001,2025-04-09,22,SALE,train
BEV-001,2025-04-10,21,SALE,train
BEV-001,2025-04-11,23,SALE,train
BEV-001,2025-04-12,31,SALE,train
BEV-001,2025-04-13,20,SALE,train
BEV-001,2025-04-14,18,SALE,train
BEV-001,2025-04-15,21,SALE,train
BEV-001,2025-04-16,24,SALE,train
BEV-001,2025-04-17,32,SALE,train
BEV-001,2025-04-18,37,SALE,train
BEV-001,2025-04-19,21,SALE,train
BEV-001,2025-04-20,308,RESTOCK,train
BEV-001,2025-04-20,22,SALE,train
BEV-001,2025-04-21,11,SALE,train
BEV-001,2025-04-22,22,SALE,train
BEV-001,2025-04-23,22,SALE,train
BEV-001,2025-04-24,36,SALE,train
BEV-001,2025-04-25,34,SALE,train
BEV-001,2025-04-26,38,SALE,train
BEV-001,2025-04-27,22,SALE,train
BEV-001,2025-04-28,16,SALE,train
BEV-001,2025-04-29,28,SALE,train
BEV-001,2025-04-30,26,SALE,train
BEV-001,2025-05-01,308,RESTOCK,train
BEV-001,2025-05-01,26,SALE,train
BEV-001,2025-05-02,27,SALE,train
BEV-001,2025-05-03,48,SALE,train
BEV-001,2025-05-04,14,SALE,train
BEV-001,2025-05-05,25,SALE,train
BEV-001,2025-05-06,34,SALE,train
BEV-001,2025-05-07,17,SALE,train
BEV-001,2025-05-08,19,SALE,train
BEV-001,2025-05-09,36,SALE,train
BEV-001,2025-05-10,31,SALE,train
BEV-001,2025-05-11,13,SALE,train
BEV-001,2025-05-12,22,SALE,train
BEV-001,2025-05-13,308,RESTOCK,train
BEV-001,2025-05-13,16,SALE,train
BEV-001,2025-05-14,25,SALE,train
BEV-001,2025-05-15,17,SALE,train
BEV-001,2025-05-16,49,SALE,train
BEV-001,2025-05-17,28,SALE,train
BEV-001,2025-05-18,20,SALE,train
BEV-001,2025-05-19,26,SALE,train
BEV-001,2025-05-20,15,SALE,train
BEV-001,2025-05-21,23,SALE,train
BEV-001,2025-05-22,29,SALE,train
BEV-001,2025-05-23,21,SALE,train
BEV-001,2025-05-24,37,SALE,train
BEV-001,2025-05-25,23,SALE,train
BEV-001,2025-05-26,308,RESTOCK,train
BEV-001,2025-05-26,26,SALE,train
BEV-001,2025-05-27,15,SALE,train
BEV-001,2025-05-28,15,SALE,train
BEV-001,2025-05-29,25,SALE,train
BEV-001,2025-05-30,38,SALE,train
BEV-001,2025-05-31,37,SALE,train
BEV-001,2025-06-01,24,SALE,train
BEV-001,2025-06-02,18,SALE,train
BEV-001,2025-06-03,23,SALE,train
BEV-001,2025-06-04,24,SALE,train
BEV-001,2025-06-05,18,SALE,train
BEV-001,2025-06-06,51,SALE,train
BEV-001,2025-06-07,308,RESTOCK,train
BEV-001,2025-06-07,39,SALE,train
BEV-001,2025-06-08,15,SALE,train
BEV-001,2025-06-09,26,SALE,train
BEV-001,2025-06-10,17,SALE,train
BEV-001,2025-06-11,26,SALE,train
BEV-001,2025-06-12,28,SALE,train
BEV-001,2025-06-13,28,SALE,train
BEV-001,2025-06-14,44,SALE,train
BEV-001,2025-06-15,24,SALE,train
BEV-001,2025-06-16,27,SALE,train
BEV-001,2025-06-17,308,RESTOCK,train
BEV-001,2025-06-17,32,SALE,train
BEV-001,2025-06-18,21,SALE,train
BEV-001,2025-06-19,18,SALE,train
BEV-001,2025-06-20,27,SALE,train
BEV-001,2025-06-21,28,SALE,train
BEV-001,2025-06-22,22,SALE,train
BEV-001,2025-06-23,24,SALE,train
BEV-001,2025-06-24,24,SALE,train
BEV-001,2025-06-25,27,SALE,train
BEV-001,2025-06-26,22,SALE,train
BEV-001,2025-06-28,33,SALE,train
BEV-001,2025-06-29,37,SALE,train
BEV-001,2025-06-30,25,SALE,train
BEV-001,2025-07-01,308,RESTOCK,train
BEV-001,2025-07-01,17,SALE,train
BEV-001,2025-07-02,16,SALE,train
BEV-001,2025-07-03,25,SALE,train
BEV-001,2025-07-04,33,SALE,train
BEV-001,2025-07-05,41,SALE,train
BEV-001,2025-07-06,25,SALE,train
BEV-001,2025-07-07,22,SALE,train
BEV-001,2025-07-08,17,SALE,train
BEV-001,2025-07-09,14,SALE,train
BEV-001,2025-07-10,20,SALE,train
BEV-001,2025-07-11,43,SALE,train
BEV-001,2025-07-12,37,SALE,train
BEV-001,2025-07-13,308,RESTOCK,train
BEV-001,2025-07-13,15,SALE,train
BEV-001,2025-07-14,23,SALE,train
BEV-001,2025-07-15,24,SALE,train
BEV-001,2025-07-16,17,SALE,train
BEV-001,2025-07-17,23,SALE,train
BEV-001,2025-07-18,36,SALE,train
BEV-001,2025-07-19,25,SALE,train
BEV-001,2025-07-20,24,SALE,train
BEV-001,2025-07-21,25,SALE,train
BEV-001,2025-07-22,28,SALE,train
BEV-001,2025-07-23,28,SALE,train
BEV-001,2025-07-24,14,SALE,train
BEV-001,2025-07-25,308,RESTOCK,train
BEV-001,2025-07-25,27,SALE,train
BEV-001,2025-07-26,40,SALE,train
BEV-001,2025-07-27,25,SALE,train
BEV-001,2025-07-28,25,SALE,train
BEV-001,2025-07-29,43,SALE,train
BEV-001,2025-07-30,25,SALE,train
BEV-001,2025-07-31,28,SALE,train
BEV-001,2025-08-01,44,SALE,train
BEV-001,2025-08-02,41,SALE,train
BEV-001,2025-08-03,20,SALE,train
BEV-001,2025-08-04,308,RESTOCK,train
BEV-001,2025-08-04,26,SALE,train
BEV-001,2025-08-05,18,SALE,train
BEV-001,2025-08-06,21,SALE,train
BEV-001,2025-08-07,19,SALE,train
BEV-001,2025-08-08,36,SALE,train
BEV-001,2025-08-09,56,SALE,train
BEV-001,2025-08-10,12,SALE,train
BEV-001,2025-08-11,26,SALE,train
BEV-001,2025-08-12,13,SALE,train
BEV-001,2025-08-13,19,SALE,train
BEV-001,2025-08-14,28,SALE,train
BEV-001,2025-08-15,36,SALE,train
BEV-001,2025-08-16,308,RESTOCK,train
BEV-001,2025-08-16,26,SALE,train
BEV-001,2025-08-17,18,SALE,train
BEV-001,2025-08-18,26,SALE,train
BEV-001,2025-08-19,18,SALE,train
BEV-001,2025-08-20,23,SALE,train
BEV-001,2025-08-21,22,SALE,train
BEV-001,2025-08-22,29,SALE,train
BEV-001,2025-08-23,54,SALE,train
BEV-001,2025-08-24,25,SALE,train
BEV-001,2025-08-25,11,SALE,train
BEV-001,2025-08-26,23,SALE,train
BEV-001,2025-08-27,18,SALE,train
BEV-001,2025-08-28,27,SALE,train
BEV-001,2025-08-29,2,SALE,train
BEV-001,2025-08-30,308,RESTOCK,train
BEV-001,2025-08-30,34,SALE,train
BEV-001,2025-08-31,25,SALE,train
BEV-001,2025-09-01,27,SALE,train
BEV-001,2025-09-02,15,SALE,train
BEV-001,2025-09-03,20,SALE,train
BEV-001,2025-09-04,19,SALE,train
BEV-001,2025-09-05,29,SALE,train
BEV-001,2025-09-06,51,SALE,train
BEV-001,2025-09-07,24,SALE,train
BEV-001,2025-09-08,15,SALE,train
BEV-001,2025-09-09,27,SALE,train
BEV-001,2025-09-10,308,RESTOCK,train
BEV-001,2025-09-10,34,SALE,train
BEV-001,2025-09-11,28,SALE,train
BEV-001,2025-09-12,22,SALE,train
BEV-001,2025-09-13,31,SALE,train
BEV-001,2025-09-14,29,SALE,train
BEV-001,2025-09-15,18,SALE,train
BEV-001,2025-09-16,24,SALE,train
BEV-001,2025-09-17,26,SALE,train
BEV-001,2025-09-18,17,SALE,train
BEV-001,2025-09-19,35,SALE,train
BEV-001,2025-09-20,7,SALE,train
BEV-001,2025-09-21,16,SALE,train
BEV-001,2025-09-22,21,SALE,train
BEV-001,2025-09-23,308,RESTOCK,train
BEV-001,2025-09-23,15,SALE,train
BEV-001,2025-09-24,31,SALE,train
BEV-001,2025-09-25,14,SALE,train
BEV-001,2025-09-26,31,SALE,train
BEV-001,2025-09-27,36,SALE,train
BEV-001,2025-09-28,30,SALE,holdout
BEV-001,2025-09-29,14,SALE,holdout
BEV-001,2025-09-30,28,SALE,holdout
BEV-001,2025-10-01,22,SALE,holdout
BEV-001,2025-10-02,17,SALE,holdout
BEV-001,2025-10-03,39,SALE,holdout
BEV-001,2025-10-04,37,SALE,holdout
BEV-001,2025-10-05,16,SALE,holdout
BEV-001,2025-10-06,308,RESTOCK,holdout
BEV-001,2025-10-06,22,SALE,holdout
BEV-001,2025-10-07,20,SALE,holdout
BEV-001,2025-10-08,23,SALE,holdout
BEV-001,2025-10-09,26,SALE,holdout
BEV-001,2025-10-10,49,SALE,holdout
BEV-001,2025-10-11,24,SALE,holdout
BEV-001,2025-10-12,34,SALE,holdout
BEV-001,2025-10-13,11,SALE,holdout
BEV-001,2025-10-14,21,SALE,holdout
BEV-001,2025-10-15,25,SALE,holdout
BEV-001,2025-10-16,24,SALE,holdout
BEV-001,2025-10-17,308,RESTOCK,holdout
BEV-001,2025-10-17,30,SALE,holdout
BEV-001,2025-10-18,33,SALE,holdout
BEV-001,2025-10-19,19,SALE,holdout
BEV-001,2025-10-20,19,SALE,holdout
BEV-001,2025-10-21,27,SALE,holdout
BEV-001,2025-10-22,24,SALE,holdout
BEV-001,2025-10-23,18,SALE,holdout
BEV-001,2025-10-24,43,SALE,holdout
BEV-001,2025-10-25,38,SALE,holdout
BEV-001,2025-10-26,26,SALE,holdout
BEV-001,2025-10-27,25,SALE,holdout
BEV-002,2025-01-01,18,SALE,train
BEV-002,2025-01-02,22,SALE,train
BEV-002,2025-01-03,29,SALE,train
BEV-002,2025-01-04,29,SALE,train
BEV-002,2025-01-05,31,SALE,train
BEV-002,2025-01-06,37,SALE,train
BEV-002,2025-01-07,27,SALE,train
BEV-002,2025-01-08,392,RESTOCK,train
BEV-002,2025-01-08,29,SALE,train
BEV-002,2025-01-09,25,SALE,train
BEV-002,2025-01-10,31,SALE,train
BEV-002,2025-01-11,26,SALE,train
BEV-002,2025-01-12,26,SALE,train
BEV-002,2025-01-13,31,SALE,train
BEV-002,2025-01-14,34,SALE,train
BEV-002,2025-01-15,16,SALE,train
BEV-002,2025-01-16,30,SALE,train
BEV-002,2025-01-17,26,SALE,train
BEV-002,2025-01-18,33,SALE,train
BEV-002,2025-01-19,27,SALE,train
BEV-002,2025-01-20,35,SALE,train
BEV-002,2025-01-21,24,SALE,train
BEV-002,2025-01-22,392,RESTOCK,train
BEV-002,2025-01-22,16,SALE,train
BEV-002,2025-01-23,34,SALE,train
BEV-002,2025-01-24,23,SALE,train
BEV-002,2025-01-25,19,SALE,train
BEV-002,2025-01-26,28,SALE,train
BEV-002,2025-01-27,27,SALE,train
BEV-002,2025-01-28,33,SALE,train
BEV-002,2025-01-29,33,SALE,train
BEV-002,2025-01-30,29,SALE,train
BEV-002,2025-01-31,23,SALE,train
BEV-002,2025-02-01,30,SALE,train
BEV-002,2025-02-02,29,SALE,train
BEV-002,2025-02-03,31,SALE,train
BEV-002,2025-02-04,23,SALE,train
BEV-002,2025-02-05,26,SALE,train
BEV-002,2025-02-06,14,SALE,train
BEV-002,2025-02-07,392,RESTOCK,train
BEV-002,2025-02-07,35,SALE,train
BEV-002,2025-02-08,33,SALE,train
BEV-002,2025-02-09,28,SALE,train
BEV-002,2025-02-10,25,SALE,train
BEV-002,2025-02-11,30,SALE,train
BEV-002,2025-02-12,22,SALE,train
BEV-002,2025-02-13,23,SALE,train
BEV-002,2025-02-14,36,SALE,train
BEV-002,2025-02-15,30,SALE,train
BEV-002,2025-02-16,26,SALE,train
BEV-002,2025-02-17,33,SALE,train
BEV-002,2025-02-18,35,SALE,train
BEV-002,2025-02-19,392,RESTOCK,train
BEV-002,2025-02-19,26,SALE,train
BEV-002,2025-02-20,26,SALE,train
BEV-002,2025-02-22,33,SALE,train
BEV-002,2025-02-23,33,SALE,train
BEV-002,2025-02-24,36,SALE,train
BEV-002,2025-02-25,34,SALE,train
BEV-002,2025-02-26,19,SALE,train
BEV-002,2025-02-27,30,SALE,train
BEV-002,2025-02-28,22,SALE,train
BEV-002,2025-03-01,25,SALE,train
BEV-002,2025-03-02,29,SALE,train
BEV-002,2025-03-03,33,SALE,train
BEV-002,2025-03-04,23,SALE,train
BEV-002,2025-03-05,15,SALE,train
BEV-002,2025-03-06,392,RESTOCK,train
BEV-002,2025-03-06,29,SALE,train
BEV-002,2025-03-07,43,SALE,train
BEV-002,2025-03-08,27,SALE,train
BEV-002,2025-03-09,28,SALE,train
BEV-002,2025-03-10,38,SALE,train
BEV-002,2025-03-11,31,SALE,train
BEV-002,2025-03-12,29,SALE,train
BEV-002,2025-03-13,30,SALE,train
BEV-002,2025-03-14,29,SALE,train
BEV-002,2025-03-15,22,SALE,train
BEV-002,2025-03-16,20,SALE,train
BEV-002,2025-03-17,39,SALE,train
BEV-002,2025-03-18,29,SALE,train
BEV-002,2025-03-19,29,SALE,train
BEV-002,2025-03-20,392,RESTOCK,train
BEV-002,2025-03-20,27,SALE,train
BEV-002,2025-03-21,32,SALE,train
BEV-002,2025-03-22,42,SALE,train
BEV-002,2025-03-23,31,SALE,train
BEV-002,2025-03-24,25,SALE,train
BEV-002,2025-03-25,27,SALE,train
BEV-002,2025-03-26,34,SALE,train
BEV-002,2025-03-27,25,SALE,train
BEV-002,2025-03-28,33,SALE,train
BEV-002,2025-03-29,15,SALE,train
BEV-002,2025-03-30,27,SALE,train
BEV-002,2025-03-31,32,SALE,train
BEV-002,2025-04-01,35,SALE,train
BEV-002,2025-04-02,392,RESTOCK,train
BEV-002,2025-04-02,23,SALE,train
BEV-002,2025-04-03,20,SALE,train
BEV-002,2025-04-04,27,SALE,train
BEV-002,2025-04-05,22,SALE,train
BEV-002,2025-04-06,27,SALE,train
BEV-002,2025-04-07,28,SALE,train
BEV-002,2025-04-08,21,SALE,train
BEV-002,2025-04-09,33,SALE,train
BEV-002,2025-04-10,27,SALE,train
BEV-002,2025-04-11,34,SALE,train
BEV-002,2025-04-12,18,SALE,train
BEV-002,2025-04-13,22,SALE,train
BEV-002,2025-04-14,31,SALE,train
BEV-002,2025-04-15,24,SALE,train
BEV-002,2025-04-16,27,SALE,train
BEV-002,2025-04-17,28,SALE,train
BEV-002,2025-04-20,392,RESTOCK,train
BEV-002,2025-04-20,29,SALE,train
BEV-002,2025-04-21,24,SALE,train
BEV-002,2025-04-22,32,SALE,train
BEV-002,2025-04-23,27,SALE,train
BEV-002,2025-04-24,29,SALE,train
BEV-002,2025-04-25,42,SALE,train
BEV-002,2025-04-26,22,SALE,train
BEV-002,2025-04-27,36,SALE,train
BEV-002,2025-04-28,13,SALE,train
BEV-002,2025-04-29,16,SALE,train
BEV-002,2025-04-30,21,SALE,train
BEV-002,2025-05-01,21,SALE,train
BEV-002,2025-05-02,29,SALE,train
BEV-002,2025-05-03,30,SALE,train
BEV-002,2025-05-04,21,SALE,train
BEV-002,2025-05-06,392,RESTOCK,train
BEV-002,2025-05-06,31,SALE,train
BEV-002,2025-05-07,33,SALE,train
BEV-002,2025-05-08,21,SALE,train
BEV-002,2025-05-09,26,SALE,train
BEV-002,2025-05-10,28,SALE,train
BEV-002,2025-05-11,31,SALE,train
BEV-002,2025-05-12,24,SALE,train
BEV-002,2025-05-13,28,SALE,train
BEV-002,2025-05-14,28,SALE,train
BEV-002,2025-05-15,24,SALE,train
BEV-002,2025-05-16,24,SALE,train
BEV-002,2025-05-17,29,SALE,train
BEV-002,2025-05-18,27,SALE,train
BEV-002,2025-05-19,392,RESTOCK,train
BEV-002,2025-05-19,31,SALE,train
BEV-002,2025-05-20,22,SALE,train
BEV-002,2025-05-21,26,SALE,train
BEV-002,2025-05-22,27,SALE,train
BEV-002,2025-05-23,33,SALE,train
BEV-002,2025-05-24,23,SALE,train
BEV-002,2025-05-25,29,SALE,train
BEV-002,2025-05-26,29,SALE,train
BEV-002,2025-05-27,37,SALE,train
BEV-002,2025-05-29,24,SALE,train
BEV-002,2025-05-30,23,SALE,train
BEV-002,2025-05-31,37,SALE,train
BEV-002,2025-06-01,76,SALE,train
BEV-002,2025-06-02,13,SALE,train
BEV-002,2025-06-06,392,RESTOCK,train
BEV-002,2025-06-06,64,SALE,train
BEV-002,2025-06-07,40,SALE,train
BEV-002,2025-06-08,70,SALE,train
BEV-002,2025-06-09,32,SALE,train
BEV-002,2025-06-10,36,SALE,train
BEV-002,2025-06-11,50,SALE,train
BEV-002,2025-06-12,67,SALE,train
BEV-002,2025-06-13,33,SALE,train
BEV-002,2025-06-14,392,RESTOCK,train
BEV-002,2025-06-14,52,SALE,train
BEV-002,2025-06-15,71,SALE,train
BEV-002,2025-06-17,64,SALE,train
BEV-002,2025-06-18,49,SALE,train
BEV-002,2025-06-19,51,SALE,train
BEV-002,2025-06-20,42,SALE,train
BEV-002,2025-06-21,57,SALE,train
BEV-002,2025-06-22,6,SALE,train
BEV-002,2025-06-24,392,RESTOCK,train
BEV-002,2025-06-24,78,SALE,train
BEV-002,2025-06-25,64,SALE,train
BEV-002,2025-06-26,51,SALE,train
BEV-002,2025-06-27,62,SALE,train
BEV-002,2025-06-28,74,SALE,train
BEV-002,2025-06-29,63,SALE,train
BEV-002,2025-07-01,392,RESTOCK,train
BEV-002,2025-07-01,62,SALE,train
BEV-002,2025-07-02,54,SALE,train
BEV-002,2025-07-03,65,SALE,train
BEV-002,2025-07-04,60,SALE,train
BEV-002,2025-07-05,29,SALE,train
BEV-002,2025-07-06,52,SALE,train
BEV-002,2025-07-07,58,SALE,train
BEV-002,2025-07-08,12,SALE,train
BEV-002,2025-07-09,392,RESTOCK,train
BEV-002,2025-07-09,63,SALE,train
BEV-002,2025-07-10,39,SALE,train
BEV-002,2025-07-11,47,SALE,train
BEV-002,2025-07-12,71,SALE,train
BEV-002,2025-07-13,46,SALE,train
BEV-002,2025-07-14,62,SALE,train
BEV-002,2025-07-15,36,SALE,train
BEV-002,2025-07-16,28,SALE,train
BEV-002,2025-07-17,392,RESTOCK,train
BEV-002,2025-07-17,53,SALE,train
BEV-002,2025-07-18,57,SALE,train
BEV-002,2025-07-19,58,SALE,train
BEV-002,2025-07-20,63,SALE,train
BEV-002,2025-07-21,39,SALE,train
BEV-002,2025-07-22,56,SALE,train
BEV-002,2025-07-23,49,SALE,train
BEV-002,2025-07-24,17,SALE,train
BEV-002,2025-07-25,392,RESTOCK,train
BEV-002,2025-07-25,67,SALE,train
BEV-002,2025-07-26,52,SALE,train
BEV-002,2025-07-27,59,SALE,train
BEV-002,2025-07-28,58,SALE,train
BEV-002,2025-07-29,52,SALE,train
BEV-002,2025-07-30,78,SALE,train
BEV-002,2025-07-31,26,SALE,train
BEV-002,2025-08-01,392,RESTOCK,train
BEV-002,2025-08-01,39,SALE,train
BEV-002,2025-08-02,52,SALE,train
BEV-002,2025-08-03,62,SALE,train
BEV-002,2025-08-04,62,SALE,train
BEV-002,2025-08-05,44,SALE,train
BEV-002,2025-08-06,66,SALE,train
BEV-002,2025-08-07,36,SALE,train
BEV-002,2025-08-08,31,SALE,train
BEV-002,2025-08-09,392,RESTOCK,train
BEV-002,2025-08-09,41,SALE,train
BEV-002,2025-08-10,53,SALE,train
BEV-002,2025-08-11,68,SALE,train
BEV-002,2025-08-12,57,SALE,train
BEV-002,2025-08-13,65,SALE,train
BEV-002,2025-08-14,63,SALE,train
BEV-002,2025-08-15,45,SALE,train
BEV-002,2025-08-16,392,RESTOCK,train
BEV-002,2025-08-16,68,SALE,train
BEV-002,2025-08-17,51,SALE,train
BEV-002,2025-08-18,63,SALE,train
BEV-002,2025-08-19,39,SALE,train
BEV-002,2025-08-20,55,SALE,train
BEV-002,2025-08-21,65,SALE,train
BEV-002,2025-08-22,51,SALE,train
BEV-002,2025-08-25,392,RESTOCK,train
BEV-002,2025-08-25,69,SALE,train
BEV-002,2025-08-26,55,SALE,train
BEV-002,2025-08-27,51,SALE,train
BEV-002,2025-08-28,66,SALE,train
BEV-002,2025-08-29,40,SALE,train
BEV-002,2025-08-30,31,SALE,train
BEV-002,2025-08-31,22,SALE,train
BEV-002,2025-09-01,35,SALE,train
BEV-002,2025-09-02,392,RESTOCK,train
BEV-002,2025-09-02,27,SALE,train
BEV-002,2025-09-03,29,SALE,train
BEV-002,2025-09-04,30,SALE,train
BEV-002,2025-09-05,17,SALE,train
BEV-002,2025-09-06,24,SALE,train
BEV-002,2025-09-07,34,SALE,train
BEV-002,2025-09-08,33,SALE,train
BEV-002,2025-09-09,30,SALE,train
BEV-002,2025-09-10,20,SALE,train
BEV-002,2025-09-11,31,SALE,train
BEV-002,2025-09-12,32,SALE,train
BEV-002,2025-09-13,28,SALE,train
BEV-002,2025-09-14,35,SALE,train
BEV-002,2025-09-15,392,RESTOCK,train
BEV-002,2025-09-15,24,SALE,train
BEV-002,2025-09-16,25,SALE,train
BEV-002,2025-09-17,14,SALE,train
BEV-002,2025-09-18,33,SALE,train
BEV-002,2025-09-19,30,SALE,train
BEV-002,2025-09-20,19,SALE,train
BEV-002,2025-09-21,18,SALE,train
BEV-002,2025-09-22,23,SALE,train
BEV-002,2025-09-23,32,SALE,train
BEV-002,2025-09-24,26,SALE,train
BEV-002,2025-09-25,23,SALE,train
BEV-002,2025-09-26,22,SALE,train
BEV-002,2025-09-27,22,SALE,train
BEV-002,2025-09-28,17,SALE,holdout
BEV-002,2025-09-29,21,SALE,holdout
BEV-002,2025-09-30,22,SALE,holdout
BEV-002,2025-10-01,32,SALE,holdout
BEV-002,2025-10-02,27,SALE,holdout
BEV-002,2025-10-03,7,SALE,holdout
BEV-002,2025-10-04,392,RESTOCK,holdout
BEV-002,2025-10-04,41,SALE,holdout
BEV-002,2025-10-05,24,SALE,holdout
BEV-002,2025-10-06,35,SALE,holdout
BEV-002,2025-10-07,37,SALE,holdout
BEV-002,2025-10-08,19,SALE,holdout
BEV-002,2025-10-09,28,SALE,holdout
BEV-002,2025-10-10,25,SALE,holdout
BEV-002,2025-10-11,25,SALE,holdout
BEV-002,2025-10-12,31,SALE,holdout
BEV-002,2025-10-13,25,SALE,holdout
BEV-002,2025-10-14,25,SALE,holdout
BEV-002,2025-10-15,27,SALE,holdout
BEV-002,2025-10-16,392,RESTOCK,holdout
BEV-002,2025-10-16,26,SALE,holdout
BEV-002,2025-10-17,21,SALE,holdout
BEV-002,2025-10-18,32,SALE,holdout
BEV-002,2025-10-19,34,SALE,holdout
BEV-002,2025-10-20,30,SALE,holdout
BEV-002,2025-10-21,26,SALE,holdout
BEV-002,2025-10-22,24,SALE,holdout
BEV-002,2025-10-23,24,SALE,holdout
BEV-002,2025-10-24,41,SALE,holdout
BEV-002,2025-10-25,33,SALE,holdout
BEV-002,2025-10-26,23,SALE,holdout
BEV-002,2025-10-27,29,SALE,holdout
BEV-003,2025-01-01,4,SALE,train
BEV-003,2025-01-02,16,SALE,train
BEV-003,2025-01-03,10,SALE,train
BEV-003,2025-01-04,11,SALE,train
BEV-003,2025-01-05,10,SALE,train
BEV-003,2025-01-06,8,SALE,train
BEV-003,2025-01-07,9,SALE,train
BEV-003,2025-01-08,5,SALE,train
BEV-003,2025-01-09,17,SALE,train
BEV-003,2025-01-10,140,RESTOCK,train
BEV-003,2025-01-11,7,SALE,train
BEV-003,2025-01-12,9,SALE,train
BEV-003,2025-01-13,14,SALE,train
BEV-003,2025-01-14,10,SALE,train
BEV-003,2025-01-15,6,SALE,train
BEV-003,2025-01-16,14,SALE,train
BEV-003,2025-01-17,12,SALE,train
BEV-003,2025-01-18,12,SALE,train
BEV-003,2025-01-19,12,SALE,train
BEV-003,2025-01-20,17,SALE,train
BEV-003,2025-01-21,17,SALE,train
BEV-003,2025-01-22,8,SALE,train
BEV-003,2025-01-23,140,RESTOCK,train
BEV-003,2025-01-23,15,SALE,train
BEV-003,2025-01-24,11,SALE,train
BEV-003,2025-01-25,11,SALE,train
BEV-003,2025-01-26,5,SALE,train
BEV-003,2025-01-28,8,SALE,train
BEV-003,2025-01-29,12,SALE,train
BEV-003,2025-01-30,13,SALE,train
BEV-003,2025-01-31,4,SALE,train
BEV-003,2025-02-01,10,SALE,train
BEV-003,2025-02-02,13,SALE,train
BEV-003,2025-02-03,9,SALE,train
BEV-003,2025-02-04,12,SALE,train
BEV-003,2025-02-05,11,SALE,train
BEV-003,2025-02-06,11,SALE,train
BEV-003,2025-02-07,140,RESTOCK,train
BEV-003,2025-02-07,9,SALE,train
BEV-003,2025-02-08,6,SALE,train
BEV-003,2025-02-09,7,SALE,train
BEV-003,2025-02-10,12,SALE,train
BEV-003,2025-02-11,10,SALE,train
BEV-003,2025-02-12,10,SALE,train
BEV-003,2025-02-13,9,SALE,train
BEV-003,2025-02-14,9,SALE,train
BEV-003,2025-02-15,13,SALE,train
BEV-003,2025-02-16,9,SALE,train
BEV-003,2025-02-17,6,SALE,train
BEV-003,2025-02-18,12,SALE,train
BEV-003,2025-02-19,9,SALE,train
BEV-003,2025-02-20,10,SALE,train
BEV-003,2025-02-21,140,RESTOCK,train
BEV-003,2025-02-21,15,SALE,train
BEV-003,2025-02-22,10,SALE,train
BEV-003,2025-02-23,11,SALE,train
BEV-003,2025-02-24,6,SALE,train
BEV-003,2025-02-25,9,SALE,train
BEV-003,2025-02-26,12,SALE,train
BEV-003,2025-02-27,5,SALE,train
BEV-003,2025-02-28,11,SALE,train
BEV-003,2025-03-01,10,SALE,train
BEV-003,2025-03-02,10,SALE,train
BEV-003,2025-03-03,13,SALE,train
BEV-003,2025-03-04,11,SALE,train
BEV-003,2025-03-05,14,SALE,train
BEV-003,2025-03-06,7,SALE,train
BEV-003,2025-03-07,140,RESTOCK,train
BEV-003,2025-03-07,10,SALE,train
BEV-003,2025-03-08,10,SALE,train
BEV-003,2025-03-09,7,SALE,train
BEV-003,2025-03-10,13,SALE,train
BEV-003,2025-03-11,17,SALE,train
BEV-003,2025-03-12,10,SALE,train
BEV-003,2025-03-13,12,SALE,train
BEV-003,2025-03-14,10,SALE,train
BEV-003,2025-03-15,8,SALE,train
BEV-003,2025-03-16,5,SALE,train
BEV-003,2025-03-17,8,SALE,train
BEV-003,2025-03-18,6,SALE,train
BEV-003,2025-03-19,15,SALE,train
BEV-003,2025-03-20,10,SALE,train
BEV-003,2025-03-21,140,RESTOCK,train
BEV-003,2025-03-21,9,SALE,train
BEV-003,2025-03-22,13,SALE,train
BEV-003,2025-03-23,7,SALE,train
BEV-003,2025-03-24,8,SALE,train
BEV-003,2025-03-25,10,SALE,train
BEV-003,2025-03-27,12,SALE,train
BEV-003,2025-03-28,11,SALE,train
BEV-003,2025-03-29,10,SALE,train
BEV-003,2025-03-30,11,SALE,train
BEV-003,2025-03-31,11,SALE,train
BEV-003,2025-04-01,7,SALE,train
BEV-003,2025-04-02,10,SALE,train
BEV-003,2025-04-03,7,SALE,train
BEV-003,2025-04-04,10,SALE,train
BEV-003,2025-04-05,140,RESTOCK,train
BEV-003,2025-04-05,9,SALE,train
BEV-003,2025-04-06,18,SALE,train
BEV-003,2025-04-07,10,SALE,train
BEV-003,2025-04-08,6,SALE,train
BEV-003,2025-04-09,10,SALE,train
BEV-003,2025-04-10,12,SALE,train
BEV-003,2025-04-11,15,SALE,train
BEV-003,2025-04-12,8,SALE,train
BEV-003,2025-04-13,5,SALE,train
BEV-003,2025-04-14,12,SALE,train
BEV-003,2025-04-15,6,SALE,train
BEV-003,2025-04-16,9,SALE,train
BEV-003,2025-04-17,9,SALE,train
BEV-003,2025-04-18,10,SALE,train
BEV-003,2025-04-19,12,SALE,train
BEV-003,2025-04-20,140,RESTOCK,train
BEV-003,2025-04-20,8,SALE,train
BEV-003,2025-04-21,9,SALE,train
BEV-003,2025-04-22,10,SALE,train
BEV-003,2025-04-23,10,SALE,train
BEV-003,2025-04-24,10,SALE,train
BEV-003,2025-04-25,11,SALE,train
BEV-003,2025-04-26,13,SALE,train
BEV-003,2025-04-27,11,SALE,train
BEV-003,2025-04-28,11,SALE,train
BEV-003,2025-04-29,5,SALE,train
BEV-003,2025-04-30,10,SALE,train
BEV-003,2025-05-01,11,SALE,train
BEV-003,2025-05-02,12,SALE,train
BEV-003,2025-05-03,140,RESTOCK,train
BEV-003,2025-05-03,8,SALE,train
BEV-003,2025-05-04,8,SALE,train
BEV-003,2025-05-05,8,SALE,train
BEV-003,2025-05-06,12,SALE,train
BEV-003,2025-05-07,13,SALE,train
BEV-003,2025-05-08,9,SALE,train
BEV-003,2025-05-09,13,SALE,train
BEV-003,2025-05-10,10,SALE,train
BEV-003,2025-05-11,10,SALE,train
BEV-003,2025-05-12,9,SALE,train
BEV-003,2025-05-13,12,SALE,train
BEV-003,2025-05-14,11,SALE,train
BEV-003,2025-05-15,17,SALE,train
BEV-003,2025-05-16,7,SALE,train
BEV-003,2025-05-17,140,RESTOCK,train
BEV-003,2025-05-17,12,SALE,train
BEV-003,2025-05-18,8,SALE,train
BEV-003,2025-05-19,7,SALE,train
BEV-003,2025-05-20,10,SALE,train
BEV-003,2025-05-21,10,SALE,train
BEV-003,2025-05-22,19,SALE,train
BEV-003,2025-05-23,9,SALE,train
BEV-003,2025-05-24,7,SALE,train
BEV-003,2025-05-25,11,SALE,train
BEV-003,2025-05-26,4,SALE,train
BEV-003,2025-05-27,10,SALE,train
BEV-003,2025-05-28,10,SALE,train
BEV-003,2025-05-29,12,SALE,train
BEV-003,2025-05-30,140,RESTOCK,train
BEV-003,2025-05-30,13,SALE,train
BEV-003,2025-05-31,25,SALE,train
BEV-003,2025-06-01,29,SALE,train
BEV-003,2025-06-02,23,SALE,train
BEV-003,2025-06-03,20,SALE,train
BEV-003,2025-06-04,33,SALE,train
BEV-003,2025-06-05,14,SALE,train
BEV-003,2025-06-07,140,RESTOCK,train
BEV-003,2025-06-07,21,SALE,train
BEV-003,2025-06-08,35,SALE,train
BEV-003,2025-06-09,46,SALE,train
BEV-003,2025-06-10,18,SALE,train
BEV-003,2025-06-11,13,SALE,train
BEV-003,2025-06-12,7,SALE,train
BEV-003,2025-06-13,140,RESTOCK,train
BEV-003,2025-06-13,30,SALE,train
BEV-003,2025-06-14,32,SALE,train
BEV-003,2025-06-15,26,SALE,train
BEV-003,2025-06-16,28,SALE,train
BEV-003,2025-06-17,24,SALE,train
BEV-003,2025-06-19,140,RESTOCK,train
BEV-003,2025-06-20,27,SALE,train
BEV-003,2025-06-21,32,SALE,train
BEV-003,2025-06-22,22,SALE,train
BEV-003,2025-06-23,46,SALE,train
BEV-003,2025-06-24,13,SALE,train
BEV-003,2025-06-26,140,RESTOCK,train
BEV-003,2025-06-26,35,SALE,train
BEV-003,2025-06-27,25,SALE,train
BEV-003,2025-06-28,13,SALE,train
BEV-003,2025-06-29,26,SALE,train
BEV-003,2025-06-30,39,SALE,train
BEV-003,2025-07-01,2,SALE,train
BEV-003,2025-07-03,140,RESTOCK,train
BEV-003,2025-07-03,38,SALE,train
BEV-003,2025-07-04,27,SALE,train
BEV-003,2025-07-05,25,SALE,train
BEV-003,2025-07-06,31,SALE,train
BEV-003,2025-07-07,19,SALE,train
BEV-003,2025-07-11,140,RESTOCK,train
BEV-003,2025-07-11,25,SALE,train
BEV-003,2025-07-12,21,SALE,train
BEV-003,2025-07-13,31,SALE,train
BEV-003,2025-07-14,31,SALE,train
BEV-003,2025-07-15,20,SALE,train
BEV-003,2025-07-16,12,SALE,train
BEV-003,2025-07-17,140,RESTOCK,train
BEV-003,2025-07-17,34,SALE,train
BEV-003,2025-07-18,33,SALE,train
BEV-003,2025-07-19,35,SALE,train
BEV-003,2025-07-20,33,SALE,train
BEV-003,2025-07-21,5,SALE,train
BEV-003,2025-07-23,140,RESTOCK,train
BEV-003,2025-07-23,19,SALE,train
BEV-003,2025-07-24,46,SALE,train
BEV-003,2025-07-25,30,SALE,train
BEV-003,2025-07-26,28,SALE,train
BEV-003,2025-07-27,17,SALE,train
BEV-003,2025-07-29,140,RESTOCK,train
BEV-003,2025-07-29,20,SALE,train
BEV-003,2025-07-30,26,SALE,train
BEV-003,2025-07-31,34,SALE,train
BEV-003,2025-08-01,35,SALE,train
BEV-003,2025-08-02,25,SALE,train
BEV-003,2025-08-04,140,RESTOCK,train
BEV-003,2025-08-04,35,SALE,train
BEV-003,2025-08-05,20,SALE,train
BEV-003,2025-08-06,28,SALE,train
BEV-003,2025-08-07,33,SALE,train
BEV-003,2025-08-08,24,SALE,train
BEV-003,2025-08-10,140,RESTOCK,train
BEV-003,2025-08-10,41,SALE,train
BEV-003,2025-08-11,32,SALE,train
BEV-003,2025-08-12,38,SALE,train
BEV-003,2025-08-13,29,SALE,train
BEV-003,2025-08-17,140,RESTOCK,train
BEV-003,2025-08-17,39,SALE,train
BEV-003,2025-08-18,30,SALE,train
BEV-003,2025-08-19,25,SALE,train
BEV-003,2025-08-20,16,SALE,train
BEV-003,2025-08-21,30,SALE,train
BEV-003,2025-08-23,140,RESTOCK,train
BEV-003,2025-08-23,21,SALE,train
BEV-003,2025-08-24,25,SALE,train
BEV-003,2025-08-25,26,SALE,train
BEV-003,2025-08-26,17,SALE,train
BEV-003,2025-08-27,23,SALE,train
BEV-003,2025-08-28,20,SALE,train
BEV-003,2025-08-29,8,SALE,train
BEV-003,2025-09-01,140,RESTOCK,train
BEV-003,2025-09-01,16,SALE,train
BEV-003,2025-09-02,14,SALE,train
BEV-003,2025-09-03,8,SALE,train
BEV-003,2025-09-04,11,SALE,train
BEV-003,2025-09-05,11,SALE,train
BEV-003,2025-09-06,14,SALE,train
BEV-003,2025-09-07,8,SALE,train
BEV-003,2025-09-08,13,SALE,train
BEV-003,2025-09-09,8,SALE,train
BEV-003,2025-09-10,6,SALE,train
BEV-003,2025-09-11,12,SALE,train
BEV-003,2025-09-12,140,RESTOCK,train
BEV-003,2025-09-12,14,SALE,train
BEV-003,2025-09-13,18,SALE,train
BEV-003,2025-09-14,6,SALE,train
BEV-003,2025-09-15,12,SALE,train
BEV-003,2025-09-16,9,SALE,train
BEV-003,2025-09-17,12,SALE,train
BEV-003,2025-09-18,6,SALE,train
BEV-003,2025-09-19,6,SALE,train
BEV-003,2025-09-20,8,SALE,train
BEV-003,2025-09-21,10,SALE,train
BEV-003,2025-09-22,8,SALE,train
BEV-003,2025-09-23,12,SALE,train
BEV-003,2025-09-24,13,SALE,train
BEV-003,2025-09-25,12,SALE,train
BEV-003,2025-09-26,140,RESTOCK,train
BEV-003,2025-09-26,15,SALE,train
BEV-003,2025-09-27,11,SALE,train
BEV-003,2025-09-28,6,SALE,holdout
BEV-003,2025-09-29,14,SALE,holdout
BEV-003,2025-09-30,8,SALE,holdout
BEV-003,2025-10-01,13,SALE,holdout
BEV-003,2025-10-02,15,SALE,holdout
BEV-003,2025-10-03,11,SALE,holdout
BEV-003,2025-10-04,6,SALE,holdout
BEV-003,2025-10-05,7,SALE,holdout
BEV-003,2025-10-06,14,SALE,holdout
BEV-003,2025-10-08,10,SALE,holdout
BEV-003,2025-10-09,140,RESTOCK,holdout
BEV-003,2025-10-09,12,SALE,holdout
BEV-003,2025-10-10,12,SALE,holdout
BEV-003,2025-10-11,11,SALE,holdout
BEV-003,2025-10-12,9,SALE,holdout
BEV-003,2025-10-13,9,SALE,holdout
BEV-003,2025-10-14,13,SALE,holdout
BEV-003,2025-10-15,12,SALE,holdout
BEV-003,2025-10-16,9,SALE,holdout
BEV-003,2025-10-17,13,SALE,holdout
BEV-003,2025-10-18,10,SALE,holdout
BEV-003,2025-10-19,7,SALE,holdout
BEV-003,2025-10-20,8,SALE,holdout
BEV-003,2025-10-21,7,SALE,holdout
BEV-003,2025-10-22,9,SALE,holdout
BEV-003,2025-10-23,14,SALE,holdout
BEV-003,2025-10-24,140,RESTOCK,holdout
BEV-003,2025-10-24,8,SALE,holdout
BEV-003,2025-10-25,11,SALE,holdout
BEV-003,2025-10-26,8,SALE,holdout
BEV-003,2025-10-27,9,SALE,holdout
BEV-004,2025-01-01,12,SALE,train
BEV-004,2025-01-02,10,SALE,train
BEV-004,2025-01-03,18,SALE,train
BEV-004,2025-01-04,10,SALE,train
BEV-004,2025-01-08,42,RESTOCK,train
BEV-004,2025-01-08,11,SALE,train
BEV-004,2025-01-09,6,SALE,train
BEV-004,2025-01-10,10,SALE,train
BEV-004,2025-01-11,9,SALE,train
BEV-004,2025-01-12,6,SALE,train
BEV-004,2025-01-15,42,RESTOCK,train
BEV-004,2025-01-15,11,SALE,train
BEV-004,2025-01-16,8,SALE,train
BEV-004,2025-01-17,12,SALE,train
BEV-004,2025-01-18,6,SALE,train
BEV-004,2025-01-19,5,SALE,train
BEV-004,2025-01-22,42,RESTOCK,train
BEV-004,2025-01-22,15,SALE,train
BEV-004,2025-01-23,9,SALE,train
BEV-004,2025-01-24,16,SALE,train
BEV-004,2025-01-25,2,SALE,train
BEV-004,2025-01-28,42,RESTOCK,train
BEV-004,2025-01-28,14,SALE,train
BEV-004,2025-01-29,11,SALE,train
BEV-004,2025-01-30,12,SALE,train
BEV-004,2025-01-31,5,SALE,train
BEV-004,2025-02-03,42,RESTOCK,train
BEV-004,2025-02-03,12,SALE,train
BEV-004,2025-02-04,5,SALE,train
BEV-004,2025-02-05,13,SALE,train
BEV-004,2025-02-06,12,SALE,train
BEV-004,2025-02-11,42,RESTOCK,train
BEV-004,2025-02-11,13,SALE,train
BEV-004,2025-02-12,11,SALE,train
BEV-004,2025-02-13,5,SALE,train
BEV-004,2025-02-14,11,SALE,train
BEV-004,2025-02-15,2,SALE,train
BEV-004,2025-02-17,42,RESTOCK,train
BEV-004,2025-02-17,11,SALE,train
BEV-004,2025-02-18,11,SALE,train
BEV-004,2025-02-19,7,SALE,train
BEV-004,2025-02-20,10,SALE,train
BEV-004,2025-02-21,3,SALE,train
BEV-004,2025-02-23,42,RESTOCK,train
BEV-004,2025-02-23,10,SALE,train
BEV-004,2025-02-24,7,SALE,train
BEV-004,2025-02-25,6,SALE,train
BEV-004,2025-02-26,10,SALE,train
BEV-004,2025-02-27,9,SALE,train
BEV-004,2025-03-02,42,RESTOCK,train
BEV-004,2025-03-02,10,SALE,train
BEV-004,2025-03-03,2,SALE,train
BEV-004,2025-03-04,4,SALE,train
BEV-004,2025-03-05,3,SALE,train
BEV-004,2025-03-06,5,SALE,train
BEV-004,2025-03-07,4,SALE,train
BEV-004,2025-03-08,3,SALE,train
BEV-004,2025-03-09,3,SALE,train
BEV-004,2025-03-10,3,SALE,train
BEV-004,2025-03-11,42,RESTOCK,train
BEV-004,2025-03-11,3,SALE,train
BEV-004,2025-03-12,4,SALE,train
BEV-004,2025-03-13,4,SALE,train
BEV-004,2025-03-14,3,SALE,train
BEV-004,2025-03-15,1,SALE,train
BEV-004,2025-03-16,4,SALE,train
BEV-004,2025-03-17,4,SALE,train
BEV-004,2025-03-18,3,SALE,train
BEV-004,2025-03-19,4,SALE,train
BEV-004,2025-03-20,3,SALE,train
BEV-004,2025-03-21,4,SALE,train
BEV-004,2025-03-22,1,SALE,train
BEV-004,2025-03-23,3,SALE,train
BEV-004,2025-03-24,5,SALE,train
BEV-004,2025-03-25,42,RESTOCK,train
BEV-004,2025-03-25,4,SALE,train
BEV-004,2025-03-26,5,SALE,train
BEV-004,2025-03-27,2,SALE,train
BEV-004,2025-03-28,4,SALE,train
BEV-004,2025-03-29,4,SALE,train
BEV-004,2025-03-30,1,SALE,train
BEV-004,2025-03-31,3,SALE,train
BEV-004,2025-04-01,3,SALE,train
BEV-004,2025-04-02,1,SALE,train
BEV-004,2025-04-03,3,SALE,train
BEV-004,2025-04-04,4,SALE,train
BEV-004,2025-04-05,42,RESTOCK,train
BEV-004,2025-04-05,3,SALE,train
BEV-004,2025-04-06,3,SALE,train
BEV-004,2025-04-07,3,SALE,train
BEV-004,2025-04-08,3,SALE,train
BEV-004,2025-04-09,2,SALE,train
BEV-004,2025-04-10,4,SALE,train
BEV-004,2025-04-11,1,SALE,train
BEV-004,2025-04-12,3,SALE,train
BEV-004,2025-04-13,4,SALE,train
BEV-004,2025-04-14,3,SALE,train
BEV-004,2025-04-15,2,SALE,train
BEV-004,2025-04-16,4,SALE,train
BEV-004,2025-04-17,3,SALE,train
BEV-004,2025-04-18,4,SALE,train
BEV-004,2025-04-19,3,SALE,train
BEV-004,2025-04-20,42,RESTOCK,train
BEV-004,2025-04-21,4,SALE,train
BEV-004,2025-04-22,5,SALE,train
BEV-004,2025-04-23,4,SALE,train
BEV-004,2025-04-25,3,SALE,train
BEV-004,2025-04-26,3,SALE,train
BEV-004,2025-04-27,2,SALE,train
BEV-004,2025-04-28,3,SALE,train
BEV-004,2025-04-29,3,SALE,train
BEV-004,2025-04-30,4,SALE,train
BEV-004,2025-05-01,3,SALE,train
BEV-004,2025-05-02,2,SALE,train
BEV-004,2025-05-03,2,SALE,train
BEV-004,2025-05-04,2,SALE,train
BEV-004,2025-05-05,42,RESTOCK,train
BEV-004,2025-05-05,1,SALE,train
BEV-004,2025-05-06,2,SALE,train
BEV-004,2025-05-07,3,SALE,train
BEV-004,2025-05-08,4,SALE,train
BEV-004,2025-05-09,2,SALE,train
BEV-004,2025-05-10,2,SALE,train
BEV-004,2025-05-11,2,SALE,train
BEV-004,2025-05-12,3,SALE,train
BEV-004,2025-05-13,4,SALE,train
BEV-004,2025-05-14,5,SALE,train
BEV-004,2025-05-15,3,SALE,train
BEV-004,2025-05-16,3,SALE,train
BEV-004,2025-05-17,2,SALE,train
BEV-004,2025-05-19,4,SALE,train
BEV-004,2025-05-20,42,RESTOCK,train
BEV-004,2025-05-20,3,SALE,train
BEV-004,2025-05-21,3,SALE,train
BEV-004,2025-05-22,3,SALE,train
BEV-004,2025-05-23,2,SALE,train
BEV-004,2025-05-24,3,SALE,train
BEV-004,2025-05-25,1,SALE,train
BEV-004,2025-05-27,5,SALE,train
BEV-004,2025-05-28,2,SALE,train
BEV-004,2025-05-29,3,SALE,train
BEV-004,2025-05-30,4,SALE,train
BEV-004,2025-05-31,4,SALE,train
BEV-004,2025-06-01,3,SALE,train
BEV-004,2025-06-02,1,SALE,train
BEV-004,2025-06-03,3,SALE,train
BEV-004,2025-06-04,3,SALE,train
BEV-004,2025-06-05,42,RESTOCK,train
BEV-004,2025-06-05,3,SALE,train
BEV-004,2025-06-06,3,SALE,train
BEV-004,2025-06-07,3,SALE,train
BEV-004,2025-06-08,3,SALE,train
BEV-004,2025-06-09,3,SALE,train
BEV-004,2025-06-11,3,SALE,train
BEV-004,2025-06-12,3,SALE,train
BEV-004,2025-06-13,4,SALE,train
BEV-004,2025-06-14,2,SALE,train
BEV-004,2025-06-15,3,SALE,train
BEV-004,2025-06-16,1,SALE,train
BEV-004,2025-06-17,3,SALE,train
BEV-004,2025-06-18,4,SALE,train
BEV-004,2025-06-19,2,SALE,train
BEV-004,2025-06-20,3,SALE,train
BEV-004,2025-06-21,42,RESTOCK,train
BEV-004,2025-06-22,2,SALE,train
BEV-004,2025-06-23,2,SALE,train
BEV-004,2025-06-24,3,SALE,train
BEV-004,2025-06-25,3,SALE,train
BEV-004,2025-06-26,3,SALE,train
BEV-004,2025-06-27,3,SALE,train
BEV-004,2025-06-28,3,SALE,train
BEV-004,2025-06-29,4,SALE,train
BEV-004,2025-06-30,3,SALE,train
BEV-004,2025-07-01,3,SALE,train
BEV-004,2025-07-02,4,SALE,train
BEV-004,2025-07-03,5,SALE,train
BEV-004,2025-07-04,2,SALE,train
BEV-004,2025-07-05,4,SALE,train
BEV-004,2025-07-06,6,SALE,train
BEV-004,2025-07-07,42,RESTOCK,train
BEV-004,2025-07-07,3,SALE,train
BEV-004,2025-07-08,3,SALE,train
BEV-004,2025-07-09,3,SALE,train
BEV-004,2025-07-10,4,SALE,train
BEV-004,2025-07-11,4,SALE,train
BEV-004,2025-07-12,2,SALE,train
BEV-004,2025-07-13,3,SALE,train
BEV-004,2025-07-14,1,SALE,train
BEV-004,2025-07-15,3,SALE,train
BEV-004,2025-07-16,2,SALE,train
BEV-004,2025-07-17,3,SALE,train
BEV-004,2025-07-18,1,SALE,train
BEV-004,2025-07-19,42,RESTOCK,train
BEV-004,2025-07-19,2,SALE,train
BEV-004,2025-07-20,4,SALE,train
BEV-004,2025-07-21,2,SALE,train
BEV-004,2025-07-22,1,SALE,train
BEV-004,2025-07-23,3,SALE,train
BEV-004,2025-07-24,2,SALE,train
BEV-004,2025-07-25,3,SALE,train
BEV-004,2025-07-26,2,SALE,train
BEV-004,2025-07-27,5,SALE,train
BEV-004,2025-07-28,1,SALE,train
BEV-004,2025-07-29,6,SALE,train
BEV-004,2025-07-30,3,SALE,train
BEV-004,2025-07-31,3,SALE,train
BEV-004,2025-08-01,2,SALE,train
BEV-004,2025-08-02,2,SALE,train
BEV-004,2025-08-03,2,SALE,train
BEV-004,2025-08-04,42,RESTOCK,train
BEV-004,2025-08-04,4,SALE,train
BEV-004,2025-08-05,2,SALE,train
BEV-004,2025-08-06,3,SALE,train
BEV-004,2025-08-07,1,SALE,train
BEV-004,2025-08-08,3,SALE,train
BEV-004,2025-08-09,4,SALE,train
BEV-004,2025-08-10,2,SALE,train
BEV-004,2025-08-11,4,SALE,train
BEV-004,2025-08-12,3,SALE,train
BEV-004,2025-08-13,5,SALE,train
BEV-004,2025-08-14,2,SALE,train
BEV-004,2025-08-15,6,SALE,train
BEV-004,2025-08-17,3,SALE,train
BEV-004,2025-08-18,1,SALE,train
BEV-004,2025-08-19,5,SALE,train
BEV-004,2025-08-20,42,RESTOCK,train
BEV-004,2025-08-20,3,SALE,train
BEV-004,2025-08-21,3,SALE,train
BEV-004,2025-08-22,3,SALE,train
BEV-004,2025-08-23,3,SALE,train
BEV-004,2025-08-24,2,SALE,train
BEV-004,2025-08-25,2,SALE,train
BEV-004,2025-08-26,3,SALE,train
BEV-004,2025-08-27,3,SALE,train
BEV-004,2025-08-28,4,SALE,train
BEV-004,2025-08-29,5,SALE,train
BEV-004,2025-08-30,1,SALE,train
BEV-004,2025-08-31,3,SALE,train
BEV-004,2025-09-01,4,SALE,train
BEV-004,2025-09-02,3,SALE,train
BEV-004,2025-09-03,1,SALE,train
BEV-004,2025-09-04,42,RESTOCK,train
BEV-004,2025-09-04,2,SALE,train
BEV-004,2025-09-05,3,SALE,train
BEV-004,2025-09-06,3,SALE,train
BEV-004,2025-09-07,4,SALE,train
BEV-004,2025-09-08,2,SALE,train
BEV-004,2025-09-09,3,SALE,train
BEV-004,2025-09-10,2,SALE,train
BEV-004,2025-09-11,3,SALE,train
BEV-004,2025-09-12,3,SALE,train
BEV-004,2025-09-13,2,SALE,train
BEV-004,2025-09-14,5,SALE,train
BEV-004,2025-09-15,1,SALE,train
BEV-004,2025-09-16,3,SALE,train
BEV-004,2025-09-17,42,RESTOCK,train
BEV-004,2025-09-17,2,SALE,train
BEV-004,2025-09-18,5,SALE,train
BEV-004,2025-09-19,4,SALE,train
BEV-004,2025-09-20,2,SALE,train
BEV-004,2025-09-21,3,SALE,train
BEV-004,2025-09-22,5,SALE,train
BEV-004,2025-09-23,2,SALE,train
BEV-004,2025-09-24,1,SALE,train
BEV-004,2025-09-25,3,SALE,train
BEV-004,2025-09-26,3,SALE,train
BEV-004,2025-09-27,4,SALE,train
BEV-004,2025-09-28,4,SALE,holdout
BEV-004,2025-09-29,5,SALE,holdout
BEV-004,2025-09-30,1,SALE,holdout
BEV-004,2025-10-01,42,RESTOCK,holdout
BEV-004,2025-10-01,2,SALE,holdout
BEV-004,2025-10-02,4,SALE,holdout
BEV-004,2025-10-03,2,SALE,holdout
BEV-004,2025-10-04,1,SALE,holdout
BEV-004,2025-10-05,5,SALE,holdout
BEV-004,2025-10-06,1,SALE,holdout
BEV-004,2025-10-07,3,SALE,holdout
BEV-004,2025-10-08,3,SALE,holdout
BEV-004,2025-10-09,4,SALE,holdout
BEV-004,2025-10-10,1,SALE,holdout
BEV-004,2025-10-11,3,SALE,holdout
BEV-004,2025-10-12,2,SALE,holdout
BEV-004,2025-10-14,2,SALE,holdout
BEV-004,2025-10-15,5,SALE,holdout
BEV-004,2025-10-16,42,RESTOCK,holdout
BEV-004,2025-10-16,2,SALE,holdout
BEV-004,2025-10-18,2,SALE,holdout
BEV-004,2025-10-19,3,SALE,holdout
BEV-004,2025-10-20,4,SALE,holdout
BEV-004,2025-10-21,2,SALE,holdout
BEV-004,2025-10-22,2,SALE,holdout
BEV-004,2025-10-24,2,SALE,holdout
BEV-004,2025-10-25,3,SALE,holdout
BEV-004,2025-10-26,3,SALE,holdout
BEV-004,2025-10-27,3,SALE,holdout
BEV-005,2025-01-03,2,SALE,train
BEV-005,2025-01-04,2,SALE,train
BEV-005,2025-01-06,1,SALE,train
BEV-005,2025-01-08,1,SALE,train
BEV-005,2025-01-09,2,SALE,train
BEV-005,2025-01-10,1,SALE,train
BEV-005,2025-01-11,1,SALE,train
BEV-005,2025-01-12,1,SALE,train
BEV-005,2025-01-13,2,SALE,train
BEV-005,2025-01-14,1,SALE,train
BEV-005,2025-01-15,1,SALE,train
BEV-005,2025-01-16,1,SALE,train
BEV-005,2025-01-17,1,SALE,train
BEV-005,2025-01-18,1,SALE,train
BEV-005,2025-01-23,1,SALE,train
BEV-005,2025-01-24,1,SALE,train
BEV-005,2025-01-27,1,SALE,train
BEV-005,2025-01-28,2,SALE,train
BEV-005,2025-01-29,1,SALE,train
BEV-005,2025-01-30,1,SALE,train
BEV-005,2025-02-01,1,SALE,train
BEV-005,2025-02-02,1,SALE,train
BEV-005,2025-02-03,1,SALE,train
BEV-005,2025-02-04,1,SALE,train
BEV-005,2025-02-05,1,SALE,train
BEV-005,2025-02-06,1,SALE,train
BEV-005,2025-02-07,1,SALE,train
BEV-005,2025-02-08,1,SALE,train
BEV-005,2025-02-09,1,SALE,train
BEV-005,2025-02-10,11,RESTOCK,train
BEV-005,2025-02-10,1,SALE,train
BEV-005,2025-02-11,1,SALE,train
BEV-005,2025-02-12,1,SALE,train
BEV-005,2025-02-13,1,SALE,train
BEV-005,2025-02-14,2,SALE,train
BEV-005,2025-02-16,1,SALE,train
BEV-005,2025-02-17,1,SALE,train
BEV-005,2025-02-18,1,SALE,train
BEV-005,2025-02-20,11,RESTOCK,train
BEV-005,2025-02-20,1,SALE,train
BEV-005,2025-02-21,1,SALE,train
BEV-005,2025-02-22,1,SALE,train
BEV-005,2025-02-23,1,SALE,train
BEV-005,2025-02-24,1,SALE,train
BEV-005,2025-02-25,1,SALE,train
BEV-005,2025-02-26,1,SALE,train
BEV-005,2025-02-28,1,SALE,train
BEV-005,2025-03-01,2,SALE,train
BEV-005,2025-03-02,1,SALE,train
BEV-005,2025-03-03,1,SALE,train
BEV-005,2025-03-04,1,SALE,train
BEV-005,2025-03-05,1,SALE,train
BEV-005,2025-03-07,11,RESTOCK,train
BEV-005,2025-03-07,1,SALE,train
BEV-005,2025-03-08,1,SALE,train
BEV-005,2025-03-09,2,SALE,train
BEV-005,2025-03-10,2,SALE,train
BEV-005,2025-03-11,1,SALE,train
BEV-005,2025-03-12,1,SALE,train
BEV-005,2025-03-13,1,SALE,train
BEV-005,2025-03-14,1,SALE,train
BEV-005,2025-03-16,11,RESTOCK,train
BEV-005,2025-03-17,1,SALE,train
BEV-005,2025-03-18,1,SALE,train
BEV-005,2025-03-19,1,SALE,train
BEV-005,2025-03-20,1,SALE,train
BEV-005,2025-03-21,2,SALE,train
BEV-005,2025-03-22,1,SALE,train
BEV-005,2025-03-23,1,SALE,train
BEV-005,2025-03-25,1,SALE,train
BEV-005,2025-03-26,1,SALE,train
BEV-005,2025-03-27,11,RESTOCK,train
BEV-005,2025-03-27,1,SALE,train
BEV-005,2025-03-29,1,SALE,train
BEV-005,2025-03-30,1,SALE,train
BEV-005,2025-04-03,1,SALE,train
BEV-005,2025-04-05,1,SALE,train
BEV-005,2025-04-07,2,SALE,train
BEV-005,2025-04-08,1,SALE,train
BEV-005,2025-04-09,1,SALE,train
BEV-005,2025-04-10,1,SALE,train
BEV-005,2025-04-11,1,SALE,train
BEV-005,2025-04-12,1,SALE,train
BEV-005,2025-04-13,11,RESTOCK,train
BEV-005,2025-04-14,1,SALE,train
BEV-005,2025-04-17,2,SALE,train
BEV-005,2025-04-18,1,SALE,train
BEV-005,2025-04-19,2,SALE,train
BEV-005,2025-04-23,1,SALE,train
BEV-005,2025-04-24,1,SALE,train
BEV-005,2025-04-25,1,SALE,train
BEV-005,2025-04-26,11,RESTOCK,train
BEV-005,2025-04-27,1,SALE,train
BEV-005,2025-04-28,1,SALE,train
BEV-005,2025-04-29,1,SALE,train
BEV-005,2025-04-30,2,SALE,train
BEV-005,2025-05-01,1,SALE,train
BEV-005,2025-05-02,1,SALE,train
BEV-005,2025-05-03,1,SALE,train
BEV-005,2025-05-05,2,SALE,train
BEV-005,2025-05-06,2,SALE,train
BEV-005,2025-05-07,1,SALE,train
BEV-005,2025-05-08,1,SALE,train
BEV-005,2025-05-09,11,RESTOCK,train
BEV-005,2025-05-09,1,SALE,train
BEV-005,2025-05-10,1,SALE,train
BEV-005,2025-05-11,1,SALE,train
BEV-005,2025-05-12,1,SALE,train
BEV-005,2025-05-13,2,SALE,train
BEV-005,2025-05-14,1,SALE,train
BEV-005,2025-05-15,1,SALE,train
BEV-005,2025-05-18,1,SALE,train
BEV-005,2025-05-19,11,RESTOCK,train
BEV-005,2025-05-21,2,SALE,train
BEV-005,2025-05-23,1,SALE,train
BEV-005,2025-05-25,2,SALE,train
BEV-005,2025-05-28,1,SALE,train
BEV-005,2025-05-29,1,SALE,train
BEV-005,2025-05-30,1,SALE,train
BEV-005,2025-06-01,1,SALE,train
BEV-005,2025-06-04,1,SALE,train
BEV-005,2025-06-05,11,RESTOCK,train
BEV-005,2025-06-05,1,SALE,train
BEV-005,2025-06-06,1,SALE,train
BEV-005,2025-06-07,2,SALE,train
BEV-005,2025-06-09,2,SALE,train
BEV-005,2025-06-10,1,SALE,train
BEV-005,2025-06-12,2,SALE,train
BEV-005,2025-06-13,1,SALE,train
BEV-005,2025-06-14,1,SALE,train
BEV-005,2025-06-15,1,SALE,train
BEV-005,2025-06-16,1,SALE,train
BEV-005,2025-06-17,1,SALE,train
BEV-005,2025-06-18,11,RESTOCK,train
BEV-005,2025-06-18,1,SALE,train
BEV-005,2025-06-19,1,SALE,train
BEV-005,2025-06-20,1,SALE,train
BEV-005,2025-06-21,1,SALE,train
BEV-005,2025-06-22,1,SALE,train
BEV-005,2025-06-23,1,SALE,train
BEV-005,2025-06-24,1,SALE,train
BEV-005,2025-06-25,2,SALE,train
BEV-005,2025-06-26,1,SALE,train
BEV-005,2025-06-27,1,SALE,train
BEV-005,2025-06-28,11,RESTOCK,train
BEV-005,2025-06-30,3,SALE,train
BEV-005,2025-07-01,1,SALE,train
BEV-005,2025-07-02,1,SALE,train
BEV-005,2025-07-03,1,SALE,train
BEV-005,2025-07-04,2,SALE,train
BEV-005,2025-07-05,1,SALE,train
BEV-005,2025-07-06,1,SALE,train
BEV-005,2025-07-08,1,SALE,train
BEV-005,2025-07-10,11,RESTOCK,train
BEV-005,2025-07-10,1,SALE,train
BEV-005,2025-07-12,1,SALE,train
BEV-005,2025-07-14,1,SALE,train
BEV-005,2025-07-16,1,SALE,train
BEV-005,2025-07-17,1,SALE,train
BEV-005,2025-07-19,2,SALE,train
BEV-005,2025-07-22,1,SALE,train
BEV-005,2025-07-23,11,RESTOCK,train
BEV-005,2025-07-25,1,SALE,train
BEV-005,2025-07-27,1,SALE,train
BEV-005,2025-07-29,1,SALE,train
BEV-005,2025-07-31,1,SALE,train
BEV-005,2025-08-01,1,SALE,train
BEV-005,2025-08-02,1,SALE,train
BEV-005,2025-08-03,1,SALE,train
BEV-005,2025-08-05,1,SALE,train
BEV-005,2025-08-07,1,SALE,train
BEV-005,2025-08-09,1,SALE,train
BEV-005,2025-08-11,2,SALE,train
BEV-005,2025-08-12,2,SALE,train
BEV-005,2025-08-14,11,RESTOCK,train
BEV-005,2025-08-14,1,SALE,train
BEV-005,2025-08-16,1,SALE,train
BEV-005,2025-08-17,1,SALE,train
BEV-005,2025-08-18,1,SALE,train
BEV-005,2025-08-19,1,SALE,train
BEV-005,2025-08-20,1,SALE,train
BEV-005,2025-08-21,1,SALE,train
BEV-005,2025-08-25,11,RESTOCK,train
BEV-005,2025-08-25,1,SALE,train
BEV-005,2025-08-28,1,SALE,train
BEV-005,2025-08-29,1,SALE,train
BEV-005,2025-08-30,1,SALE,train
BEV-005,2025-08-31,1,SALE,train
BEV-005,2025-09-03,1,SALE,train
BEV-005,2025-09-07,1,SALE,train
BEV-005,2025-09-08,1,SALE,train
BEV-005,2025-09-09,1,SALE,train
BEV-005,2025-09-12,1,SALE,train
BEV-005,2025-09-13,1,SALE,train
BEV-005,2025-09-14,2,SALE,train
BEV-005,2025-09-15,11,RESTOCK,train
BEV-005,2025-09-16,2,SALE,train
BEV-005,2025-09-17,1,SALE,train
BEV-005,2025-09-18,1,SALE,train
BEV-005,2025-09-19,1,SALE,train
BEV-005,2025-09-22,1,SALE,train
BEV-005,2025-09-23,1,SALE,train
BEV-005,2025-09-24,1,SALE,train
BEV-005,2025-09-25,1,SALE,train
BEV-005,2025-09-26,1,SALE,train
BEV-005,2025-09-28,1,SALE,holdout
BEV-005,2025-09-30,1,SALE,holdout
BEV-005,2025-10-01,11,RESTOCK,holdout
BEV-005,2025-10-02,1,SALE,holdout
BEV-005,2025-10-04,1,SALE,holdout
BEV-005,2025-10-06,1,SALE,holdout
BEV-005,2025-10-07,1,SALE,holdout
BEV-005,2025-10-08,1,SALE,holdout
BEV-005,2025-10-10,1,SALE,holdout
BEV-005,2025-10-11,2,SALE,holdout
BEV-005,2025-10-12,1,SALE,holdout
BEV-005,2025-10-13,1,SALE,holdout
BEV-005,2025-10-15,1,SALE,holdout
BEV-005,2025-10-16,11,RESTOCK,holdout
BEV-005,2025-10-17,1,SALE,holdout
BEV-005,2025-10-18,1,SALE,holdout
BEV-005,2025-10-21,1,SALE,holdout
BEV-005,2025-10-22,1,SALE,holdout
BEV-005,2025-10-23,2,SALE,holdout
BEV-005,2025-10-24,1,SALE,holdout
BEV-005,2025-10-26,1,SALE,holdout
BEV-005,2025-10-27,2,SALE,holdout
BEV-006,2025-01-01,16,SALE,train
BEV-006,2025-01-02,11,SALE,train
BEV-006,2025-01-03,8,SALE,train
BEV-006,2025-01-04,20,SALE,train
BEV-006,2025-01-05,18,SALE,train
BEV-006,2025-01-06,12,SALE,train
BEV-006,2025-01-07,21,SALE,train
BEV-006,2025-01-08,14,SALE,train
BEV-006,2025-01-09,196,RESTOCK,train
BEV-006,2025-01-09,15,SALE,train
BEV-006,2025-01-10,22,SALE,train
BEV-006,2025-01-11,22,SALE,train
BEV-006,2025-01-12,13,SALE,train
BEV-006,2025-01-13,13,SALE,train
BEV-006,2025-01-14,16,SALE,train
BEV-006,2025-01-15,10,SALE,train
BEV-006,2025-01-16,9,SALE,train
BEV-006,2025-01-17,15,SALE,train
BEV-006,2025-01-18,36,SALE,train
BEV-006,2025-01-19,16,SALE,train
BEV-006,2025-01-20,9,SALE,train
BEV-006,2025-01-21,196,RESTOCK,train
BEV-006,2025-01-21,10,SALE,train
BEV-006,2025-01-22,17,SALE,train
BEV-006,2025-01-23,14,SALE,train
BEV-006,2025-01-24,24,SALE,train
BEV-006,2025-01-25,16,SALE,train
BEV-006,2025-01-26,15,SALE,train
BEV-006,2025-01-27,12,SALE,train
BEV-006,2025-01-28,11,SALE,train
BEV-006,2025-01-29,17,SALE,train
BEV-006,2025-01-30,8,SALE,train
BEV-006,2025-01-31,26,SALE,train
BEV-006,2025-02-01,26,SALE,train
BEV-006,2025-02-02,196,RESTOCK,train
BEV-006,2025-02-02,10,SALE,train
BEV-006,2025-02-03,11,SALE,train
BEV-006,2025-02-04,13,SALE,train
BEV-006,2025-02-05,15,SALE,train
BEV-006,2025-02-06,13,SALE,train
BEV-006,2025-02-07,25,SALE,train
BEV-006,2025-02-08,34,SALE,train
BEV-006,2025-02-09,12,SALE,train
BEV-006,2025-02-10,7,SALE,train
BEV-006,2025-02-11,17,SALE,train
BEV-006,2025-02-12,21,SALE,train
BEV-006,2025-02-13,196,RESTOCK,train
BEV-006,2025-02-13,16,SALE,train
BEV-006,2025-02-14,15,SALE,train
BEV-006,2025-02-15,22,SALE,train
BEV-006,2025-02-16,9,SALE,train
BEV-006,2025-02-17,17,SALE,train
BEV-006,2025-02-18,8,SALE,train
BEV-006,2025-02-19,13,SALE,train
BEV-006,2025-02-20,10,SALE,train
BEV-006,2025-02-21,23,SALE,train
BEV-006,2025-02-22,20,SALE,train
BEV-006,2025-02-23,15,SALE,train
BEV-006,2025-02-24,14,SALE,train
BEV-006,2025-02-25,10,SALE,train
BEV-006,2025-02-26,17,SALE,train
BEV-006,2025-02-27,5,SALE,train
BEV-006,2025-02-28,196,RESTOCK,train
BEV-006,2025-02-28,16,SALE,train
BEV-006,2025-03-01,37,SALE,train
BEV-006,2025-03-02,16,SALE,train
BEV-006,2025-03-03,13,SALE,train
BEV-006,2025-03-04,20,SALE,train
BEV-006,2025-03-05,22,SALE,train
BEV-006,2025-03-06,13,SALE,train
BEV-006,2025-03-07,25,SALE,train
BEV-006,2025-03-08,16,SALE,train
BEV-006,2025-03-09,196,RESTOCK,train
BEV-006,2025-03-09,13,SALE,train
BEV-006,2025-03-10,13,SALE,train
BEV-006,2025-03-11,15,SALE,train
BEV-006,2025-03-12,15,SALE,train
BEV-006,2025-03-13,16,SALE,train
BEV-006,2025-03-14,24,SALE,train
BEV-006,2025-03-15,14,SALE,train
BEV-006,2025-03-16,10,SALE,train
BEV-006,2025-03-17,12,SALE,train
BEV-006,2025-03-18,13,SALE,train
BEV-006,2025-03-19,18,SALE,train
BEV-006,2025-03-20,9,SALE,train
BEV-006,2025-03-21,20,SALE,train
BEV-006,2025-03-22,196,RESTOCK,train
BEV-006,2025-03-22,29,SALE,train
BEV-006,2025-03-23,13,SALE,train
BEV-006,2025-03-24,16,SALE,train
BEV-006,2025-03-25,13,SALE,train
BEV-006,2025-03-26,15,SALE,train
BEV-006,2025-03-27,13,SALE,train
BEV-006,2025-03-28,27,SALE,train
BEV-006,2025-03-29,12,SALE,train
BEV-006,2025-03-30,12,SALE,train
BEV-006,2025-03-31,15,SALE,train
BEV-006,2025-04-01,16,SALE,train
BEV-006,2025-04-02,20,SALE,train
BEV-006,2025-04-03,12,SALE,train
BEV-006,2025-04-04,5,SALE,train
BEV-006,2025-04-05,196,RESTOCK,train
BEV-006,2025-04-05,18,SALE,train
BEV-006,2025-04-06,20,SALE,train
BEV-006,2025-04-07,17,SALE,train
BEV-006,2025-04-08,10,SALE,train
BEV-006,2025-04-09,15,SALE,train
BEV-006,2025-04-10,14,SALE,train
BEV-006,2025-04-11,27,SALE,train
BEV-006,2025-04-12,21,SALE,train
BEV-006,2025-04-13,13,SALE,train
BEV-006,2025-04-14,20,SALE,train
BEV-006,2025-04-15,14,SALE,train
BEV-006,2025-04-16,7,SALE,train
BEV-006,2025-04-18,196,RESTOCK,train
BEV-006,2025-04-18,34,SALE,train
BEV-006,2025-04-19,18,SALE,train
BEV-006,2025-04-20,11,SALE,train
BEV-006,2025-04-21,20,SALE,train
BEV-006,2025-04-22,12,SALE,train
BEV-006,2025-04-23,21,SALE,train
BEV-006,2025-04-24,18,SALE,train
BEV-006,2025-04-25,21,SALE,train
BEV-006,2025-04-26,10,SALE,train
BEV-006,2025-04-27,14,SALE,train
BEV-006,2025-04-28,14,SALE,train
BEV-006,2025-04-29,3,SALE,train
BEV-006,2025-05-01,196,RESTOCK,train
BEV-006,2025-05-01,11,SALE,train
BEV-006,2025-05-02,28,SALE,train
BEV-006,2025-05-03,28,SALE,train
BEV-006,2025-05-04,19,SALE,train
BEV-006,2025-05-05,16,SALE,train
BEV-006,2025-05-06,6,SALE,train
BEV-006,2025-05-07,13,SALE,train
BEV-006,2025-05-08,9,SALE,train
BEV-006,2025-05-09,21,SALE,train
BEV-006,2025-05-10,29,SALE,train
BEV-006,2025-05-11,15,SALE,train
BEV-006,2025-05-12,1,SALE,train
BEV-006,2025-05-14,196,RESTOCK,train
BEV-006,2025-05-14,9,SALE,train
BEV-006,2025-05-15,3,SALE,train
BEV-006,2025-05-16,23,SALE,train
BEV-006,2025-05-17,21,SALE,train
BEV-006,2025-05-18,10,SALE,train
BEV-006,2025-05-19,7,SALE,train
BEV-006,2025-05-20,11,SALE,train
BEV-006,2025-05-22,17,SALE,train
BEV-006,2025-05-23,24,SALE,train
BEV-006,2025-05-24,33,SALE,train
BEV-006,2025-05-25,10,SALE,train
BEV-006,2025-05-26,18,SALE,train
BEV-006,2025-05-27,10,SALE,train
BEV-006,2025-05-30,196,RESTOCK,train
BEV-006,2025-05-30,30,SALE,train
BEV-006,2025-05-31,24,SALE,train
BEV-006,2025-06-01,11,SALE,train
BEV-006,2025-06-02,14,SALE,train
BEV-006,2025-06-03,13,SALE,train
BEV-006,2025-06-04,16,SALE,train
BEV-006,2025-06-05,9,SALE,train
BEV-006,2025-06-06,22,SALE,train
BEV-006,2025-06-07,25,SALE,train
BEV-006,2025-06-08,14,SALE,train
BEV-006,2025-06-09,18,SALE,train
BEV-006,2025-06-10,196,RESTOCK,train
BEV-006,2025-06-10,17,SALE,train
BEV-006,2025-06-11,14,SALE,train
BEV-006,2025-06-13,24,SALE,train
BEV-006,2025-06-15,6,SALE,train
BEV-006,2025-06-16,13,SALE,train
BEV-006,2025-06-17,8,SALE,train
BEV-006,2025-06-18,19,SALE,train
BEV-006,2025-06-19,14,SALE,train
BEV-006,2025-06-20,21,SALE,train
BEV-006,2025-06-21,28,SALE,train
BEV-006,2025-06-22,16,SALE,train
BEV-006,2025-06-23,9,SALE,train
BEV-006,2025-06-24,7,SALE,train
BEV-006,2025-06-25,196,RESTOCK,train
BEV-006,2025-06-25,13,SALE,train
BEV-006,2025-06-26,7,SALE,train
BEV-006,2025-06-27,18,SALE,train
BEV-006,2025-06-28,21,SALE,train
BEV-006,2025-06-29,14,SALE,train
BEV-006,2025-06-30,8,SALE,train
BEV-006,2025-07-01,19,SALE,train
BEV-006,2025-07-02,14,SALE,train
BEV-006,2025-07-03,14,SALE,train
BEV-006,2025-07-04,25,SALE,train
BEV-006,2025-07-06,16,SALE,train
BEV-006,2025-07-07,12,SALE,train
BEV-006,2025-07-08,196,RESTOCK,train
BEV-006,2025-07-08,10,SALE,train
BEV-006,2025-07-09,16,SALE,train
BEV-006,2025-07-10,20,SALE,train
BEV-006,2025-07-11,27,SALE,train
BEV-006,2025-07-12,29,SALE,train
BEV-006,2025-07-13,12,SALE,train
BEV-006,2025-07-14,7,SALE,train
BEV-006,2025-07-15,20,SALE,train
BEV-006,2025-07-16,23,SALE,train
BEV-006,2025-07-17,20,SALE,train
BEV-006,2025-07-18,20,SALE,train
BEV-006,2025-07-19,196,RESTOCK,train
BEV-006,2025-07-19,15,SALE,train
BEV-006,2025-07-20,10,SALE,train
BEV-006,2025-07-21,7,SALE,train
BEV-006,2025-07-22,14,SALE,train
BEV-006,2025-07-23,21,SALE,train
BEV-006,2025-07-24,13,SALE,train
BEV-006,2025-07-25,24,SALE,train
BEV-006,2025-07-26,32,SALE,train
BEV-006,2025-07-27,12,SALE,train
BEV-006,2025-07-28,23,SALE,train
BEV-006,2025-07-29,22,SALE,train
BEV-006,2025-07-30,196,RESTOCK,train
BEV-006,2025-07-30,13,SALE,train
BEV-006,2025-07-31,12,SALE,train
BEV-006,2025-08-01,27,SALE,train
BEV-006,2025-08-02,20,SALE,train
BEV-006,2025-08-03,9,SALE,train
BEV-006,2025-08-04,19,SALE,train
BEV-006,2025-08-05,19,SALE,train
BEV-006,2025-08-06,15,SALE,train
BEV-006,2025-08-07,9,SALE,train
BEV-006,2025-08-08,14,SALE,train
BEV-006,2025-08-09,23,SALE,train
BEV-006,2025-08-10,12,SALE,train
BEV-006,2025-08-11,13,SALE,train
BEV-006,2025-08-12,1,SALE,train
BEV-006,2025-08-13,196,RESTOCK,train
BEV-006,2025-08-13,17,SALE,train
BEV-006,2025-08-14,20,SALE,train
BEV-006,2025-08-15,16,SALE,train
BEV-006,2025-08-16,20,SALE,train
BEV-006,2025-08-17,17,SALE,train
BEV-006,2025-08-18,16,SALE,train
BEV-006,2025-08-19,20,SALE,train
BEV-006,2025-08-20,16,SALE,train
BEV-006,2025-08-21,22,SALE,train
BEV-006,2025-08-22,26,SALE,train
BEV-006,2025-08-23,196,RESTOCK,train
BEV-006,2025-08-24,13,SALE,train
BEV-006,2025-08-25,14,SALE,train
BEV-006,2025-08-26,18,SALE,train
BEV-006,2025-08-27,21,SALE,train
BEV-006,2025-08-28,17,SALE,train
BEV-006,2025-08-29,22,SALE,train
BEV-006,2025-08-30,32,SALE,train
BEV-006,2025-08-31,5,SALE,train
BEV-006,2025-09-01,8,SALE,train
BEV-006,2025-09-02,17,SALE,train
BEV-006,2025-09-03,14,SALE,train
BEV-006,2025-09-04,17,SALE,train
BEV-006,2025-09-05,196,RESTOCK,train
BEV-006,2025-09-05,23,SALE,train
BEV-006,2025-09-06,26,SALE,train
BEV-006,2025-09-07,11,SALE,train
BEV-006,2025-09-08,16,SALE,train
BEV-006,2025-09-09,18,SALE,train
BEV-006,2025-09-10,19,SALE,train
BEV-006,2025-09-11,22,SALE,train
BEV-006,2025-09-12,24,SALE,train
BEV-006,2025-09-14,8,SALE,train
BEV-006,2025-09-15,196,RESTOCK,train
BEV-006,2025-09-15,12,SALE,train
BEV-006,2025-09-16,13,SALE,train
BEV-006,2025-09-17,18,SALE,train
BEV-006,2025-09-18,11,SALE,train
BEV-006,2025-09-19,28,SALE,train
BEV-006,2025-09-20,22,SALE,train
BEV-006,2025-09-21,13,SALE,train
BEV-006,2025-09-22,15,SALE,train
BEV-006,2025-09-23,12,SALE,train
BEV-006,2025-09-24,12,SALE,train
BEV-006,2025-09-25,7,SALE,train
BEV-006,2025-09-26,21,SALE,train
BEV-006,2025-09-27,19,SALE,train
BEV-006,2025-09-28,196,RESTOCK,holdout
BEV-006,2025-09-28,12,SALE,holdout
BEV-006,2025-09-29,16,SALE,holdout
BEV-006,2025-09-30,17,SALE,holdout
BEV-006,2025-10-01,15,SALE,holdout
BEV-006,2025-10-02,18,SALE,holdout
BEV-006,2025-10-03,26,SALE,holdout
BEV-006,2025-10-04,20,SALE,holdout
BEV-006,2025-10-06,15,SALE,holdout
BEV-006,2025-10-07,16,SALE,holdout
BEV-006,2025-10-08,20,SALE,holdout
BEV-006,2025-10-09,19,SALE,holdout
BEV-006,2025-10-10,19,SALE,holdout
BEV-006,2025-10-11,196,RESTOCK,holdout
BEV-006,2025-10-11,22,SALE,holdout
BEV-006,2025-10-12,17,SALE,holdout
BEV-006,2025-10-13,18,SALE,holdout
BEV-006,2025-10-14,18,SALE,holdout
BEV-006,2025-10-15,14,SALE,holdout
BEV-006,2025-10-16,9,SALE,holdout
BEV-006,2025-10-17,16,SALE,holdout
BEV-006,2025-10-18,24,SALE,holdout
BEV-006,2025-10-19,15,SALE,holdout
BEV-006,2025-10-20,9,SALE,holdout
BEV-006,2025-10-21,14,SALE,holdout
BEV-006,2025-10-22,196,RESTOCK,holdout
BEV-006,2025-10-22,17,SALE,holdout
BEV-006,2025-10-23,9,SALE,holdout
BEV-006,2025-10-24,30,SALE,holdout
BEV-006,2025-10-25,20,SALE,holdout
BEV-006,2025-10-26,19,SALE,holdout
BEV-006,2025-10-27,12,SALE,holdout
BEV-007,2025-10-20,11,SALE,holdout
BEV-007,2025-10-21,17,SALE,holdout
BEV-007,2025-10-22,11,SALE,holdout
BEV-007,2025-10-23,9,SALE,holdout
BEV-007,2025-10-24,168,RESTOCK,holdout
BEV-007,2025-10-24,20,SALE,holdout
BEV-007,2025-10-25,5,SALE,holdout
BEV-007,2025-10-26,9,SALE,holdout
BEV-007,2025-10-27,10,SALE,holdout
HH-001,2025-01-01,9,SALE,train
HH-001,2025-01-02,5,SALE,train
HH-001,2025-01-03,11,SALE,train
HH-001,2025-01-04,6,SALE,train
HH-001,2025-01-05,7,SALE,train
HH-001,2025-01-06,7,SALE,train
HH-001,2025-01-07,5,SALE,train
HH-001,2025-01-08,8,SALE,train
HH-001,2025-01-09,8,SALE,train
HH-001,2025-01-10,112,RESTOCK,train
HH-001,2025-01-10,8,SALE,train
HH-001,2025-01-11,5,SALE,train
HH-001,2025-01-12,12,SALE,train
HH-001,2025-01-13,9,SALE,train
HH-001,2025-01-14,13,SALE,train
HH-001,2025-01-15,6,SALE,train
HH-001,2025-01-16,10,SALE,train
HH-001,2025-01-17,10,SALE,train
HH-001,2025-01-18,7,SALE,train
HH-001,2025-01-19,11,SALE,train
HH-001,2025-01-20,7,SALE,train
HH-001,2025-01-21,7,SALE,train
HH-001,2025-01-22,1,SALE,train
HH-001,2025-01-23,9,SALE,train
HH-001,2025-01-24,112,RESTOCK,train
HH-001,2025-01-24,5,SALE,train
HH-001,2025-01-25,7,SALE,train
HH-001,2025-01-26,6,SALE,train
HH-001,2025-01-27,7,SALE,train
HH-001,2025-01-28,9,SALE,train
HH-001,2025-01-29,8,SALE,train
HH-001,2025-01-30,9,SALE,train
HH-001,2025-01-31,11,SALE,train
HH-001,2025-02-01,7,SALE,train
HH-001,2025-02-02,7,SALE,train
HH-001,2025-02-03,10,SALE,train
HH-001,2025-02-05,9,SALE,train
HH-001,2025-02-06,6,SALE,train
HH-001,2025-02-07,9,SALE,train
HH-001,2025-02-08,112,RESTOCK,train
HH-001,2025-02-08,8,SALE,train
HH-001,2025-02-09,10,SALE,train
HH-001,2025-02-10,7,SALE,train
HH-001,2025-02-11,5,SALE,train
HH-001,2025-02-12,9,SALE,train
HH-001,2025-02-13,3,SALE,train
HH-001,2025-02-14,7,SALE,train
HH-001,2025-02-15,6,SALE,train
HH-001,2025-02-16,6,SALE,train
HH-001,2025-02-17,7,SALE,train
HH-001,2025-02-18,10,SALE,train
HH-001,2025-02-19,10,SALE,train
HH-001,2025-02-20,7,SALE,train
HH-001,2025-02-21,10,SALE,train
HH-001,2025-02-22,6,SALE,train
HH-001,2025-02-23,6,SALE,train
HH-001,2025-02-24,112,RESTOCK,train
HH-001,2025-02-24,10,SALE,train
HH-001,2025-02-25,9,SALE,train
HH-001,2025-02-26,7,SALE,train
HH-001,2025-02-27,6,SALE,train
HH-001,2025-02-28,11,SALE,train
HH-001,2025-03-01,5,SALE,train
HH-001,2025-03-02,7,SALE,train
HH-001,2025-03-03,8,SALE,train
HH-001,2025-03-04,12,SALE,train
HH-001,2025-03-05,9,SALE,train
HH-001,2025-03-06,9,SALE,train
HH-001,2025-03-07,7,SALE,train
HH-001,2025-03-08,9,SALE,train
HH-001,2025-03-09,8,SALE,train
HH-001,2025-03-10,5,SALE,train
HH-001,2025-03-11,112,RESTOCK,train
HH-001,2025-03-11,10,SALE,train
HH-001,2025-03-12,10,SALE,train
HH-001,2025-03-13,10,SALE,train
HH-001,2025-03-14,8,SALE,train
HH-001,2025-03-15,6,SALE,train
HH-001,2025-03-16,3,SALE,train
HH-001,2025-03-17,8,SALE,train
HH-001,2025-03-19,10,SALE,train
HH-001,2025-03-20,10,SALE,train
HH-001,2025-03-21,8,SALE,train
HH-001,2025-03-23,10,SALE,train
HH-001,2025-03-24,7,SALE,train
HH-001,2025-03-25,112,RESTOCK,train
HH-001,2025-03-25,9,SALE,train
HH-001,2025-03-26,7,SALE,train
HH-001,2025-03-27,9,SALE,train
HH-001,2025-03-28,5,SALE,train
HH-001,2025-03-29,6,SALE,train
HH-001,2025-03-30,10,SALE,train
HH-001,2025-03-31,10,SALE,train
HH-001,2025-04-01,9,SALE,train
HH-001,2025-04-02,8,SALE,train
HH-001,2025-04-03,3,SALE,train
HH-001,2025-04-04,8,SALE,train
HH-001,2025-04-05,9,SALE,train
HH-001,2025-04-06,7,SALE,train
HH-001,2025-04-07,7,SALE,train
HH-001,2025-04-08,11,SALE,train
HH-001,2025-04-09,112,RESTOCK,train
HH-001,2025-04-09,8,SALE,train
HH-001,2025-04-10,9,SALE,train
HH-001,2025-04-11,10,SALE,train
HH-001,2025-04-12,6,SALE,train
HH-001,2025-04-13,8,SALE,train
HH-001,2025-04-14,11,SALE,train
HH-001,2025-04-15,12,SALE,train
HH-001,2025-04-16,8,SALE,train
HH-001,2025-04-17,8,SALE,train
HH-001,2025-04-18,9,SALE,train
HH-001,2025-04-19,8,SALE,train
HH-001,2025-04-20,11,SALE,train
HH-001,2025-04-21,6,SALE,train
HH-001,2025-04-22,7,SALE,train
HH-001,2025-04-23,5,SALE,train
HH-001,2025-04-24,112,RESTOCK,train
HH-001,2025-04-24,6,SALE,train
HH-001,2025-04-25,9,SALE,train
HH-001,2025-04-26,10,SALE,train
HH-001,2025-04-27,7,SALE,train
HH-001,2025-04-28,10,SALE,train
HH-001,2025-04-29,10,SALE,train
HH-001,2025-04-30,12,SALE,train
HH-001,2025-05-01,8,SALE,train
HH-001,2025-05-02,7,SALE,train
HH-001,2025-05-03,6,SALE,train
HH-001,2025-05-04,6,SALE,train
HH-001,2025-05-05,112,RESTOCK,train
HH-001,2025-05-05,10,SALE,train
HH-001,2025-05-06,5,SALE,train
HH-001,2025-05-07,10,SALE,train
HH-001,2025-05-08,6,SALE,train
HH-001,2025-05-09,7,SALE,train
HH-001,2025-05-10,8,SALE,train
HH-001,2025-05-11,7,SALE,train
HH-001,2025-05-12,10,SALE,train
HH-001,2025-05-13,12,SALE,train
HH-001,2025-05-14,7,SALE,train
HH-001,2025-05-15,7,SALE,train
HH-001,2025-05-16,8,SALE,train
HH-001,2025-05-17,9,SALE,train
HH-001,2025-05-18,8,SALE,train
HH-001,2025-05-19,112,RESTOCK,train
HH-001,2025-05-19,11,SALE,train
HH-001,2025-05-20,10,SALE,train
HH-001,2025-05-21,6,SALE,train
HH-001,2025-05-22,9,SALE,train
HH-001,2025-05-23,11,SALE,train
HH-001,2025-05-24,7,SALE,train
HH-001,2025-05-25,7,SALE,train
HH-001,2025-05-26,7,SALE,train
HH-001,2025-05-27,7,SALE,train
HH-001,2025-05-28,5,SALE,train
HH-001,2025-05-29,5,SALE,train
HH-001,2025-05-30,8,SALE,train
HH-001,2025-05-31,11,SALE,train
HH-001,2025-06-01,7,SALE,train
HH-001,2025-06-02,112,RESTOCK,train
HH-001,2025-06-02,7,SALE,train
HH-001,2025-06-03,11,SALE,train
HH-001,2025-06-04,6,SALE,train
HH-001,2025-06-05,5,SALE,train
HH-001,2025-06-06,6,SALE,train
HH-001,2025-06-07,7,SALE,train
HH-001,2025-06-08,5,SALE,train
HH-001,2025-06-09,8,SALE,train
HH-001,2025-06-10,10,SALE,train
HH-001,2025-06-11,5,SALE,train
HH-001,2025-06-12,8,SALE,train
HH-001,2025-06-13,9,SALE,train
HH-001,2025-06-14,8,SALE,train
HH-001,2025-06-15,8,SALE,train
HH-001,2025-06-16,8,SALE,train
HH-001,2025-06-17,6,SALE,train
HH-001,2025-06-18,112,RESTOCK,train
HH-001,2025-06-18,11,SALE,train
HH-001,2025-06-19,10,SALE,train
HH-001,2025-06-20,10,SALE,train
HH-001,2025-06-21,10,SALE,train
HH-001,2025-06-22,5,SALE,train
HH-001,2025-06-23,10,SALE,train
HH-001,2025-06-24,9,SALE,train
HH-001,2025-06-25,5,SALE,train
HH-001,2025-06-26,8,SALE,train
HH-001,2025-06-27,9,SALE,train
HH-001,2025-06-28,11,SALE,train
HH-001,2025-06-29,9,SALE,train
HH-001,2025-06-30,6,SALE,train
HH-001,2025-07-01,112,RESTOCK,train
HH-001,2025-07-01,11,SALE,train
HH-001,2025-07-03,7,SALE,train
HH-001,2025-07-04,7,SALE,train
HH-001,2025-07-05,5,SALE,train
HH-001,2025-07-06,8,SALE,train
HH-001,2025-07-07,9,SALE,train
HH-001,2025-07-08,7,SALE,train
HH-001,2025-07-09,9,SALE,train
HH-001,2025-07-10,6,SALE,train
HH-001,2025-07-11,8,SALE,train
HH-001,2025-07-12,9,SALE,train
HH-001,2025-07-13,8,SALE,train
HH-001,2025-07-14,5,SALE,train
HH-001,2025-07-15,7,SALE,train
HH-001,2025-07-16,11,SALE,train
HH-001,2025-07-17,112,RESTOCK,train
HH-001,2025-07-17,7,SALE,train
HH-001,2025-07-18,8,SALE,train
HH-001,2025-07-19,8,SALE,train
HH-001,2025-07-25,112,RESTOCK,train
HH-001,2025-07-30,112,RESTOCK,train
HH-001,2025-08-04,112,RESTOCK,train
HH-001,2025-08-04,8,SALE,train
HH-001,2025-08-05,11,SALE,train
HH-001,2025-08-06,9,SALE,train
HH-001,2025-08-07,8,SALE,train
HH-001,2025-08-08,11,SALE,train
HH-001,2025-08-09,8,SALE,train
HH-001,2025-08-10,7,SALE,train
HH-001,2025-08-11,8,SALE,train
HH-001,2025-08-12,10,SALE,train
HH-001,2025-08-13,5,SALE,train
HH-001,2025-08-14,9,SALE,train
HH-001,2025-08-15,112,RESTOCK,train
HH-001,2025-08-15,10,SALE,train
HH-001,2025-08-16,7,SALE,train
HH-001,2025-08-17,10,SALE,train
HH-001,2025-08-18,9,SALE,train
HH-001,2025-08-19,12,SALE,train
HH-001,2025-08-20,6,SALE,train
HH-001,2025-08-21,10,SALE,train
HH-001,2025-08-22,6,SALE,train
HH-001,2025-08-23,5,SALE,train
HH-001,2025-08-24,4,SALE,train
HH-001,2025-08-25,9,SALE,train
HH-001,2025-08-26,8,SALE,train
HH-001,2025-08-27,7,SALE,train
HH-001,2025-08-28,4,SALE,train
HH-001,2025-08-29,112,RESTOCK,train
HH-001,2025-08-29,7,SALE,train
HH-001,2025-08-30,8,SALE,train
HH-001,2025-08-31,10,SALE,train
HH-001,2025-09-01,8,SALE,train
HH-001,2025-09-02,9,SALE,train
HH-001,2025-09-03,7,SALE,train
HH-001,2025-09-04,11,SALE,train
HH-001,2025-09-05,6,SALE,train
HH-001,2025-09-06,7,SALE,train
HH-001,2025-09-07,7,SALE,train
HH-001,2025-09-08,9,SALE,train
HH-001,2025-09-09,6,SALE,train
HH-001,2025-09-10,8,SALE,train
HH-001,2025-09-11,8,SALE,train
HH-001,2025-09-12,7,SALE,train
HH-001,2025-09-13,112,RESTOCK,train
HH-001,2025-09-13,9,SALE,train
HH-001,2025-09-14,6,SALE,train
HH-001,2025-09-15,6,SALE,train
HH-001,2025-09-16,8,SALE,train
HH-001,2025-09-17,5,SALE,train
HH-001,2025-09-18,4,SALE,train
HH-001,2025-09-19,9,SALE,train
HH-001,2025-09-20,10,SALE,train
HH-001,2025-09-21,7,SALE,train
HH-001,2025-09-22,7,SALE,train
HH-001,2025-09-23,10,SALE,train
HH-001,2025-09-24,6,SALE,train
HH-001,2025-09-25,5,SALE,train
HH-001,2025-09-26,9,SALE,train
HH-001,2025-09-27,8,SALE,train
HH-001,2025-09-28,112,RESTOCK,holdout
HH-001,2025-09-28,10,SALE,holdout
HH-001,2025-09-29,4,SALE,holdout
HH-001,2025-09-30,5,SALE,holdout
HH-001,2025-10-01,8,SALE,holdout
HH-001,2025-10-02,9,SALE,holdout
HH-001,2025-10-03,10,SALE,holdout
HH-001,2025-10-04,8,SALE,holdout
HH-001,2025-10-05,8,SALE,holdout
HH-001,2025-10-06,7,SALE,holdout
HH-001,2025-10-07,11,SALE,holdout
HH-001,2025-10-08,6,SALE,holdout
HH-001,2025-10-09,9,SALE,holdout
HH-001,2025-10-10,6,SALE,holdout
HH-001,2025-10-11,9,SALE,holdout
HH-001,2025-10-12,112,RESTOCK,holdout
HH-001,2025-10-12,6,SALE,holdout
HH-001,2025-10-13,9,SALE,holdout
HH-001,2025-10-14,8,SALE,holdout
HH-001,2025-10-15,11,SALE,holdout
HH-001,2025-10-16,7,SALE,holdout
HH-001,2025-10-17,9,SALE,holdout
HH-001,2025-10-18,6,SALE,holdout
HH-001,2025-10-19,7,SALE,holdout
HH-001,2025-10-20,8,SALE,holdout
HH-001,2025-10-21,5,SALE,holdout
HH-001,2025-10-22,5,SALE,holdout
HH-001,2025-10-23,9,SALE,holdout
HH-001,2025-10-24,8,SALE,holdout
HH-001,2025-10-25,7,SALE,holdout
HH-001,2025-10-26,7,SALE,holdout
HH-001,2025-10-27,7,SALE,holdout
HH-002,2025-01-01,9,SALE,train
HH-002,2025-01-02,6,SALE,train
HH-002,2025-01-03,9,SALE,train
HH-002,2025-01-04,7,SALE,train
HH-002,2025-01-05,7,SALE,train
HH-002,2025-01-06,7,SALE,train
HH-002,2025-01-07,7,SALE,train
HH-002,2025-01-08,3,SALE,train
HH-002,2025-01-09,6,SALE,train
HH-002,2025-01-10,84,RESTOCK,train
HH-002,2025-01-10,7,SALE,train
HH-002,2025-01-11,6,SALE,train
HH-002,2025-01-12,4,SALE,train
HH-002,2025-01-13,6,SALE,train
HH-002,2025-01-14,9,SALE,train
HH-002,2025-01-15,8,SALE,train
HH-002,2025-01-16,6,SALE,train
HH-002,2025-01-17,7,SALE,train
HH-002,2025-01-18,5,SALE,train
HH-002,2025-01-19,3,SALE,train
HH-002,2025-01-20,5,SALE,train
HH-002,2025-01-21,8,SALE,train
HH-002,2025-01-22,6,SALE,train
HH-002,2025-01-23,84,RESTOCK,train
HH-002,2025-01-23,6,SALE,train
HH-002,2025-01-24,6,SALE,train
HH-002,2025-01-25,9,SALE,train
HH-002,2025-01-26,8,SALE,train
HH-002,2025-01-28,6,SALE,train
HH-002,2025-01-29,6,SALE,train
HH-002,2025-01-30,4,SALE,train
HH-002,2025-01-31,8,SALE,train
HH-002,2025-02-01,4,SALE,train
HH-002,2025-02-02,6,SALE,train
HH-002,2025-02-03,4,SALE,train
HH-002,2025-02-04,5,SALE,train
HH-002,2025-02-05,5,SALE,train
HH-002,2025-02-06,5,SALE,train
HH-002,2025-02-07,84,RESTOCK,train
HH-002,2025-02-07,5,SALE,train
HH-002,2025-02-08,5,SALE,train
HH-002,2025-02-09,7,SALE,train
HH-002,2025-02-10,4,SALE,train
HH-002,2025-02-11,6,SALE,train
HH-002,2025-02-12,8,SALE,train
HH-002,2025-02-13,5,SALE,train
HH-002,2025-02-14,5,SALE,train
HH-002,2025-02-15,6,SALE,train
HH-002,2025-02-16,8,SALE,train
HH-002,2025-02-17,6,SALE,train
HH-002,2025-02-18,5,SALE,train
HH-002,2025-02-19,7,SALE,train
HH-002,2025-02-20,4,SALE,train
HH-002,2025-02-21,7,SALE,train
HH-002,2025-02-22,84,RESTOCK,train
HH-002,2025-02-22,7,SALE,train
HH-002,2025-02-23,6,SALE,train
HH-002,2025-02-24,5,SALE,train
HH-002,2025-02-25,5,SALE,train
HH-002,2025-02-26,7,SALE,train
HH-002,2025-02-27,8,SALE,train
HH-002,2025-02-28,5,SALE,train
HH-002,2025-03-01,7,SALE,train
HH-002,2025-03-02,3,SALE,train
HH-002,2025-03-03,5,SALE,train
HH-002,2025-03-04,6,SALE,train
HH-002,2025-03-05,5,SALE,train
HH-002,2025-03-06,5,SALE,train
HH-002,2025-03-07,5,SALE,train
HH-002,2025-03-08,6,SALE,train
HH-002,2025-03-09,84,RESTOCK,train
HH-002,2025-03-09,6,SALE,train
HH-002,2025-03-10,3,SALE,train
HH-002,2025-03-11,3,SALE,train
HH-002,2025-03-12,5,SALE,train
HH-002,2025-03-13,7,SALE,train
HH-002,2025-03-14,2,SALE,train
HH-002,2025-03-15,5,SALE,train
HH-002,2025-03-16,5,SALE,train
HH-002,2025-03-17,8,SALE,train
HH-002,2025-03-18,5,SALE,train
HH-002,2025-03-19,7,SALE,train
HH-002,2025-03-20,6,SALE,train
HH-002,2025-03-21,3,SALE,train
HH-002,2025-03-22,7,SALE,train
HH-002,2025-03-23,6,SALE,train
HH-002,2025-03-24,84,RESTOCK,train
HH-002,2025-03-24,7,SALE,train
HH-002,2025-03-25,12,SALE,train
HH-002,2025-03-26,3,SALE,train
HH-002,2025-03-27,9,SALE,train
HH-002,2025-03-28,6,SALE,train
HH-002,2025-03-29,6,SALE,train
HH-002,2025-03-30,6,SALE,train
HH-002,2025-03-31,5,SALE,train
HH-002,2025-04-01,5,SALE,train
HH-002,2025-04-02,6,SALE,train
HH-002,2025-04-03,4,SALE,train
HH-002,2025-04-04,7,SALE,train
HH-002,2025-04-05,5,SALE,train
HH-002,2025-04-06,4,SALE,train
HH-002,2025-04-07,84,RESTOCK,train
HH-002,2025-04-07,5,SALE,train
HH-002,2025-04-08,8,SALE,train
HH-002,2025-04-09,5,SALE,train
HH-002,2025-04-10,7,SALE,train
HH-002,2025-04-11,5,SALE,train
HH-002,2025-04-12,7,SALE,train
HH-002,2025-04-13,7,SALE,train
HH-002,2025-04-14,9,SALE,train
HH-002,2025-04-15,6,SALE,train
HH-002,2025-04-16,7,SALE,train
HH-002,2025-04-17,6,SALE,train
HH-002,2025-04-18,8,SALE,train
HH-002,2025-04-19,5,SALE,train
HH-002,2025-04-20,7,SALE,train
HH-002,2025-04-21,6,SALE,train
HH-002,2025-04-22,1,SALE,train
HH-002,2025-04-23,84,RESTOCK,train
HH-002,2025-04-23,6,SALE,train
HH-002,2025-04-24,6,SALE,train
HH-002,2025-04-25,6,SALE,train
HH-002,2025-04-26,6,SALE,train
HH-002,2025-04-27,8,SALE,train
HH-002,2025-04-28,7,SALE,train
HH-002,2025-04-29,7,SALE,train
HH-002,2025-04-30,5,SALE,train
HH-002,2025-05-01,5,SALE,train
HH-002,2025-05-02,7,SALE,train
HH-002,2025-05-03,7,SALE,train
HH-002,2025-05-04,84,RESTOCK,train
HH-002,2025-05-04,8,SALE,train
HH-002,2025-05-05,5,SALE,train
HH-002,2025-05-06,6,SALE,train
HH-002,2025-05-07,4,SALE,train
HH-002,2025-05-08,5,SALE,train
HH-002,2025-05-09,7,SALE,train
HH-002,2025-05-10,5,SALE,train
HH-002,2025-05-11,7,SALE,train
HH-002,2025-05-12,6,SALE,train
HH-002,2025-05-13,6,SALE,train
HH-002,2025-05-14,4,SALE,train
HH-002,2025-05-15,6,SALE,train
HH-002,2025-05-16,2,SALE,train
HH-002,2025-05-17,6,SALE,train
HH-002,2025-05-18,84,RESTOCK,train
HH-002,2025-05-18,4,SALE,train
HH-002,2025-05-19,8,SALE,train
HH-002,2025-05-20,7,SALE,train
HH-002,2025-05-21,7,SALE,train
HH-002,2025-05-22,8,SALE,train
HH-002,2025-05-23,5,SALE,train
HH-002,2025-05-24,9,SALE,train
HH-002,2025-05-25,7,SALE,train
HH-002,2025-05-26,6,SALE,train
HH-002,2025-05-27,8,SALE,train
HH-002,2025-05-28,4,SALE,train
HH-002,2025-05-29,5,SALE,train
HH-002,2025-05-30,5,SALE,train
HH-002,2025-05-31,5,SALE,train
HH-002,2025-06-01,84,RESTOCK,train
HH-002,2025-06-01,4,SALE,train
HH-002,2025-06-02,8,SALE,train
HH-002,2025-06-03,6,SALE,train
HH-002,2025-06-04,7,SALE,train
HH-002,2025-06-05,5,SALE,train
HH-002,2025-06-06,3,SALE,train
HH-002,2025-06-07,6,SALE,train
HH-002,2025-06-09,6,SALE,train
HH-002,2025-06-10,4,SALE,train
HH-002,2025-06-11,9,SALE,train
HH-002,2025-06-12,7,SALE,train
HH-002,2025-06-13,6,SALE,train
HH-002,2025-06-14,8,SALE,train
HH-002,2025-06-15,5,SALE,train
HH-002,2025-06-16,7,SALE,train
HH-002,2025-06-17,6,SALE,train
HH-002,2025-06-18,4,SALE,train
HH-002,2025-06-20,84,RESTOCK,train
HH-002,2025-06-20,7,SALE,train
HH-002,2025-06-21,6,SALE,train
HH-002,2025-06-22,4,SALE,train
HH-002,2025-06-23,5,SALE,train
HH-002,2025-06-24,6,SALE,train
HH-002,2025-06-25,6,SALE,train
HH-002,2025-06-26,4,SALE,train
HH-002,2025-06-27,10,SALE,train
HH-002,2025-06-28,8,SALE,train
HH-002,2025-06-29,7,SALE,train
HH-002,2025-06-30,6,SALE,train
HH-002,2025-07-01,6,SALE,train
HH-002,2025-07-02,84,RESTOCK,train
HH-002,2025-07-02,5,SALE,train
HH-002,2025-07-03,6,SALE,train
HH-002,2025-07-04,6,SALE,train
HH-002,2025-07-05,4,SALE,train
HH-002,2025-07-06,7,SALE,train
HH-002,2025-07-07,6,SALE,train
HH-002,2025-07-08,3,SALE,train
HH-002,2025-07-09,5,SALE,train
HH-002,2025-07-10,5,SALE,train
HH-002,2025-07-12,7,SALE,train
HH-002,2025-07-13,4,SALE,train
HH-002,2025-07-14,7,SALE,train
HH-002,2025-07-15,4,SALE,train
HH-002,2025-07-16,8,SALE,train
HH-002,2025-07-17,84,RESTOCK,train
HH-002,2025-07-17,5,SALE,train
HH-002,2025-07-18,6,SALE,train
HH-002,2025-07-19,8,SALE,train
HH-002,2025-07-20,4,SALE,train
HH-002,2025-07-21,4,SALE,train
HH-002,2025-07-22,5,SALE,train
HH-002,2025-07-23,8,SALE,train
HH-002,2025-07-24,4,SALE,train
HH-002,2025-07-25,2,SALE,train
HH-002,2025-07-26,5,SALE,train
HH-002,2025-07-27,7,SALE,train
HH-002,2025-07-28,8,SALE,train
HH-002,2025-07-29,5,SALE,train
HH-002,2025-07-30,5,SALE,train
HH-002,2025-07-31,8,SALE,train
HH-002,2025-08-01,3,SALE,train
HH-002,2025-08-02,84,RESTOCK,train
HH-002,2025-08-03,6,SALE,train
HH-002,2025-08-04,7,SALE,train
HH-002,2025-08-05,5,SALE,train
HH-002,2025-08-07,2,SALE,train
HH-002,2025-08-08,5,SALE,train
HH-002,2025-08-09,7,SALE,train
HH-002,2025-08-10,5,SALE,train
HH-002,2025-08-11,6,SALE,train
HH-002,2025-08-12,7,SALE,train
HH-002,2025-08-13,5,SALE,train
HH-002,2025-08-14,6,SALE,train
HH-002,2025-08-15,5,SALE,train
HH-002,2025-08-16,6,SALE,train
HH-002,2025-08-17,7,SALE,train
HH-002,2025-08-18,6,SALE,train
HH-002,2025-08-19,84,RESTOCK,train
HH-002,2025-08-19,5,SALE,train
HH-002,2025-08-20,6,SALE,train
HH-002,2025-08-21,7,SALE,train
HH-002,2025-08-22,3,SALE,train
HH-002,2025-08-23,8,SALE,train
HH-002,2025-08-24,5,SALE,train
HH-002,2025-08-25,7,SALE,train
HH-002,2025-08-26,8,SALE,train
HH-002,2025-08-27,4,SALE,train
HH-002,2025-08-28,5,SALE,train
HH-002,2025-08-29,6,SALE,train
HH-002,2025-08-30,5,SALE,train
HH-002,2025-08-31,9,SALE,train
HH-002,2025-09-01,5,SALE,train
HH-002,2025-09-02,84,RESTOCK,train
HH-002,2025-09-02,5,SALE,train
HH-002,2025-09-03,6,SALE,train
HH-002,2025-09-04,4,SALE,train
HH-002,2025-09-05,5,SALE,train
HH-002,2025-09-06,6,SALE,train
HH-002,2025-09-07,6,SALE,train
HH-002,2025-09-08,6,SALE,train
HH-002,2025-09-09,5,SALE,train
HH-002,2025-09-10,4,SALE,train
HH-002,2025-09-11,6,SALE,train
HH-002,2025-09-12,9,SALE,train
HH-002,2025-09-13,6,SALE,train
HH-002,2025-09-14,6,SALE,train
HH-002,2025-09-15,7,SALE,train
HH-002,2025-09-16,4,SALE,train
HH-002,2025-09-17,84,RESTOCK,train
HH-002,2025-09-17,9,SALE,train
HH-002,2025-09-18,6,SALE,train
HH-002,2025-09-19,8,SALE,train
HH-002,2025-09-20,5,SALE,train
HH-002,2025-09-21,9,SALE,train
HH-002,2025-09-22,7,SALE,train
HH-002,2025-09-23,7,SALE,train
HH-002,2025-09-24,6,SALE,train
HH-002,2025-09-25,6,SALE,train
HH-002,2025-09-26,8,SALE,train
HH-002,2025-09-27,6,SALE,train
HH-002,2025-09-28,3,SALE,holdout
HH-002,2025-09-29,4,SALE,holdout
HH-002,2025-09-30,6,SALE,holdout
HH-002,2025-10-01,6,SALE,holdout
HH-002,2025-10-02,84,RESTOCK,holdout
HH-002,2025-10-02,6,SALE,holdout
HH-002,2025-10-03,8,SALE,holdout
HH-002,2025-10-04,3,SALE,holdout
HH-002,2025-10-05,6,SALE,holdout
HH-002,2025-10-06,3,SALE,holdout
HH-002,2025-10-07,7,SALE,holdout
HH-002,2025-10-08,6,SALE,holdout
HH-002,2025-10-09,7,SALE,holdout
HH-002,2025-10-10,5,SALE,holdout
HH-002,2025-10-11,8,SALE,holdout
HH-002,2025-10-12,8,SALE,holdout
HH-002,2025-10-13,7,SALE,holdout
HH-002,2025-10-14,84,RESTOCK,holdout
HH-002,2025-10-14,6,SALE,holdout
HH-002,2025-10-15,7,SALE,holdout
HH-002,2025-10-16,5,SALE,holdout
HH-002,2025-10-17,7,SALE,holdout
HH-002,2025-10-18,8,SALE,holdout
HH-002,2025-10-19,8,SALE,holdout
HH-002,2025-10-20,5,SALE,holdout
HH-002,2025-10-21,7,SALE,holdout
HH-002,2025-10-22,4,SALE,holdout
HH-002,2025-10-23,7,SALE,holdout
HH-002,2025-10-24,7,SALE,holdout
HH-002,2025-10-25,3,SALE,holdout
HH-002,2025-10-26,4,SALE,holdout
HH-002,2025-10-27,84,RESTOCK,holdout
HH-002,2025-10-27,6,SALE,holdout
HH-003,2025-01-01,4,SALE,train
HH-003,2025-01-02,7,SALE,train
HH-003,2025-01-03,5,SALE,train
HH-003,2025-01-04,5,SALE,train
HH-003,2025-01-05,7,SALE,train
HH-003,2025-01-06,5,SALE,train
HH-003,2025-01-07,4,SALE,train
HH-003,2025-01-08,7,SALE,train
HH-003,2025-01-09,9,SALE,train
HH-003,2025-01-10,8,SALE,train
HH-003,2025-01-11,84,RESTOCK,train
HH-003,2025-01-11,7,SALE,train
HH-003,2025-01-12,7,SALE,train
HH-003,2025-01-13,7,SALE,train
HH-003,2025-01-14,7,SALE,train
HH-003,2025-01-15,7,SALE,train
HH-003,2025-01-16,4,SALE,train
HH-003,2025-01-17,6,SALE,train
HH-003,2025-01-18,6,SALE,train
HH-003,2025-01-19,6,SALE,train
HH-003,2025-01-20,5,SALE,train
HH-003,2025-01-21,7,SALE,train
HH-003,2025-01-22,5,SALE,train
HH-003,2025-01-23,84,RESTOCK,train
HH-003,2025-01-23,5,SALE,train
HH-003,2025-01-24,5,SALE,train
HH-003,2025-01-25,7,SALE,train
HH-003,2025-01-26,6,SALE,train
HH-003,2025-01-27,5,SALE,train
HH-003,2025-01-28,5,SALE,train
HH-003,2025-01-29,6,SALE,train
HH-003,2025-01-30,8,SALE,train
HH-003,2025-01-31,4,SALE,train
HH-003,2025-02-01,7,SALE,train
HH-003,2025-02-02,7,SALE,train
HH-003,2025-02-03,5,SALE,train
HH-003,2025-02-04,8,SALE,train
HH-003,2025-02-05,7,SALE,train
HH-003,2025-02-06,5,SALE,train
HH-003,2025-02-07,84,RESTOCK,train
HH-003,2025-02-07,3,SALE,train
HH-003,2025-02-08,6,SALE,train
HH-003,2025-02-09,6,SALE,train
HH-003,2025-02-10,4,SALE,train
HH-003,2025-02-11,4,SALE,train
HH-003,2025-02-12,7,SALE,train
HH-003,2025-02-13,3,SALE,train
HH-003,2025-02-14,6,SALE,train
HH-003,2025-02-15,6,SALE,train
HH-003,2025-02-16,7,SALE,train
HH-003,2025-02-17,6,SALE,train
HH-003,2025-02-18,6,SALE,train
HH-003,2025-02-19,5,SALE,train
HH-003,2025-02-20,6,SALE,train
HH-003,2025-02-21,7,SALE,train
HH-003,2025-02-22,84,RESTOCK,train
HH-003,2025-02-22,6,SALE,train
HH-003,2025-02-23,7,SALE,train
HH-003,2025-02-24,5,SALE,train
HH-003,2025-02-25,5,SALE,train
HH-003,2025-02-26,5,SALE,train
HH-003,2025-02-27,6,SALE,train
HH-003,2025-02-28,8,SALE,train
HH-003,2025-03-01,5,SALE,train
HH-003,2025-03-02,4,SALE,train
HH-003,2025-03-03,7,SALE,train
HH-003,2025-03-04,8,SALE,train
HH-003,2025-03-05,4,SALE,train
HH-003,2025-03-06,9,SALE,train
HH-003,2025-03-07,7,SALE,train
HH-003,2025-03-08,8,SALE,train
HH-003,2025-03-09,84,RESTOCK,train
HH-003,2025-03-09,8,SALE,train
HH-003,2025-03-10,7,SALE,train
HH-003,2025-03-11,6,SALE,train
HH-003,2025-03-12,8,SALE,train
HH-003,2025-03-13,6,SALE,train
HH-003,2025-03-14,8,SALE,train
HH-003,2025-03-15,8,SALE,train
HH-003,2025-03-16,4,SALE,train
HH-003,2025-03-17,7,SALE,train
HH-003,2025-03-18,6,SALE,train
HH-003,2025-03-19,6,SALE,train
HH-003,2025-03-20,84,RESTOCK,train
HH-003,2025-03-20,6,SALE,train
HH-003,2025-03-21,6,SALE,train
HH-003,2025-03-22,8,SALE,train
HH-003,2025-03-23,4,SALE,train
HH-003,2025-03-24,3,SALE,train
HH-003,2025-03-25,3,SALE,train
HH-003,2025-03-26,8,SALE,train
HH-003,2025-03-27,5,SALE,train
HH-003,2025-03-28,6,SALE,train
HH-003,2025-03-29,6,SALE,train
HH-003,2025-03-30,5,SALE,train
HH-003,2025-03-31,7,SALE,train
HH-003,2025-04-01,6,SALE,train
HH-003,2025-04-03,84,RESTOCK,train
HH-003,2025-04-03,6,SALE,train
HH-003,2025-04-04,7,SALE,train
HH-003,2025-04-05,5,SALE,train
HH-003,2025-04-06,7,SALE,train
HH-003,2025-04-07,8,SALE,train
HH-003,2025-04-08,4,SALE,train
HH-003,2025-04-09,6,SALE,train
HH-003,2025-04-10,6,SALE,train
HH-003,2025-04-11,7,SALE,train
HH-003,2025-04-12,4,SALE,train
HH-003,2025-04-13,8,SALE,train
HH-003,2025-04-14,4,SALE,train
HH-003,2025-04-15,6,SALE,train
HH-003,2025-04-16,7,SALE,train
HH-003,2025-04-17,5,SALE,train
HH-003,2025-04-18,84,RESTOCK,train
HH-003,2025-04-18,5,SALE,train
HH-003,2025-04-19,6,SALE,train
HH-003,2025-04-20,6,SALE,train
HH-003,2025-04-21,6,SALE,train
HH-003,2025-04-22,7,SALE,train
HH-003,2025-04-23,5,SALE,train
HH-003,2025-04-24,6,SALE,train
HH-003,2025-04-25,5,SALE,train
HH-003,2025-04-26,5,SALE,train
HH-003,2025-04-27,6,SALE,train
HH-003,2025-04-28,5,SALE,train
HH-003,2025-04-29,5,SALE,train
HH-003,2025-04-30,8,SALE,train
HH-003,2025-05-01,6,SALE,train
HH-003,2025-05-02,5,SALE,train
HH-003,2025-05-03,84,RESTOCK,train
HH-003,2025-05-03,6,SALE,train
HH-003,2025-05-04,6,SALE,train
HH-003,2025-05-05,4,SALE,train
HH-003,2025-05-06,6,SALE,train
HH-003,2025-05-07,5,SALE,train
HH-003,2025-05-08,6,SALE,train
HH-003,2025-05-09,7,SALE,train
HH-003,2025-05-10,6,SALE,train
HH-003,2025-05-11,8,SALE,train
HH-003,2025-05-12,6,SALE,train
HH-003,2025-05-13,9,SALE,train
HH-003,2025-05-14,5,SALE,train
HH-003,2025-05-15,5,SALE,train
HH-003,2025-05-16,7,SALE,train
HH-003,2025-05-17,84,RESTOCK,train
HH-003,2025-05-17,8,SALE,train
HH-003,2025-05-18,4,SALE,train
HH-003,2025-05-19,6,SALE,train
HH-003,2025-05-20,5,SALE,train
HH-003,2025-05-21,6,SALE,train
HH-003,2025-05-22,6,SALE,train
HH-003,2025-05-23,8,SALE,train
HH-003,2025-05-24,6,SALE,train
HH-003,2025-05-25,8,SALE,train
HH-003,2025-05-26,6,SALE,train
HH-003,2025-05-27,7,SALE,train
HH-003,2025-05-28,6,SALE,train
HH-003,2025-05-29,9,SALE,train
HH-003,2025-05-30,84,RESTOCK,train
HH-003,2025-05-30,4,SALE,train
HH-003,2025-05-31,4,SALE,train
HH-003,2025-06-01,9,SALE,train
HH-003,2025-06-02,5,SALE,train
HH-003,2025-06-03,5,SALE,train
HH-003,2025-06-04,5,SALE,train
HH-003,2025-06-05,8,SALE,train
HH-003,2025-06-06,4,SALE,train
HH-003,2025-06-07,6,SALE,train
HH-003,2025-06-08,6,SALE,train
HH-003,2025-06-09,8,SALE,train
HH-003,2025-06-10,5,SALE,train
HH-003,2025-06-11,7,SALE,train
HH-003,2025-06-12,4,SALE,train
HH-003,2025-06-13,84,RESTOCK,train
HH-003,2025-06-13,9,SALE,train
HH-003,2025-06-14,6,SALE,train
HH-003,2025-06-15,6,SALE,train
HH-003,2025-06-16,8,SALE,train
HH-003,2025-06-17,5,SALE,train
HH-003,2025-06-18,9,SALE,train
HH-003,2025-06-19,5,SALE,train
HH-003,2025-06-20,7,SALE,train
HH-003,2025-06-21,5,SALE,train
HH-003,2025-06-22,4,SALE,train
HH-003,2025-06-23,7,SALE,train
HH-003,2025-06-24,7,SALE,train
HH-003,2025-06-25,4,SALE,train
HH-003,2025-06-26,6,SALE,train
HH-003,2025-06-27,84,RESTOCK,train
HH-003,2025-06-27,8,SALE,train
HH-003,2025-06-28,7,SALE,train
HH-003,2025-06-29,5,SALE,train
HH-003,2025-06-30,5,SALE,train
HH-003,2025-07-01,9,SALE,train
HH-003,2025-07-02,4,SALE,train
HH-003,2025-07-03,6,SALE,train
HH-003,2025-07-04,4,SALE,train
HH-003,2025-07-05,8,SALE,train
HH-003,2025-07-06,6,SALE,train
HH-003,2025-07-07,6,SALE,train
HH-003,2025-07-08,10,SALE,train
HH-003,2025-07-09,5,SALE,train
HH-003,2025-07-10,84,RESTOCK,train
HH-003,2025-07-10,9,SALE,train
HH-003,2025-07-11,5,SALE,train
HH-003,2025-07-12,6,SALE,train
HH-003,2025-07-13,10,SALE,train
HH-003,2025-07-14,6,SALE,train
HH-003,2025-07-15,4,SALE,train
HH-003,2025-07-16,6,SALE,train
HH-003,2025-07-17,6,SALE,train
HH-003,2025-07-18,7,SALE,train
HH-003,2025-07-19,6,SALE,train
HH-003,2025-07-20,9,SALE,train
HH-003,2025-07-21,7,SALE,train
HH-003,2025-07-22,4,SALE,train
HH-003,2025-07-23,84,RESTOCK,train
HH-003,2025-07-23,6,SALE,train
HH-003,2025-07-24,5,SALE,train
HH-003,2025-07-25,6,SALE,train
HH-003,2025-07-26,5,SALE,train
HH-003,2025-07-27,9,SALE,train
HH-003,2025-07-28,5,SALE,train
HH-003,2025-07-29,7,SALE,train
HH-003,2025-07-30,6,SALE,train
HH-003,2025-07-31,4,SALE,train
HH-003,2025-08-01,6,SALE,train
HH-003,2025-08-02,7,SALE,train
HH-003,2025-08-03,7,SALE,train
HH-003,2025-08-04,2,SALE,train
HH-003,2025-08-05,4,SALE,train
HH-003,2025-08-06,84,RESTOCK,train
HH-003,2025-08-06,7,SALE,train
HH-003,2025-08-07,5,SALE,train
HH-003,2025-08-08,6,SALE,train
HH-003,2025-08-09,4,SALE,train
HH-003,2025-08-10,7,SALE,train
HH-003,2025-08-11,7,SALE,train
HH-003,2025-08-12,7,SALE,train
HH-003,2025-08-13,8,SALE,train
HH-003,2025-08-14,8,SALE,train
HH-003,2025-08-15,4,SALE,train
HH-003,2025-08-16,5,SALE,train
HH-003,2025-08-17,7,SALE,train
HH-003,2025-08-18,8,SALE,train
HH-003,2025-08-19,5,SALE,train
HH-003,2025-08-20,5,SALE,train
HH-003,2025-08-21,5,SALE,train
HH-003,2025-08-22,1,SALE,train
HH-003,2025-08-23,84,RESTOCK,train
HH-003,2025-08-23,4,SALE,train
HH-003,2025-08-24,4,SALE,train
HH-003,2025-08-25,6,SALE,train
HH-003,2025-08-26,6,SALE,train
HH-003,2025-08-27,7,SALE,train
HH-003,2025-08-28,5,SALE,train
HH-003,2025-08-29,5,SALE,train
HH-003,2025-08-30,6,SALE,train
HH-003,2025-08-31,4,SALE,train
HH-003,2025-09-01,7,SALE,train
HH-003,2025-09-02,8,SALE,train
HH-003,2025-09-03,5,SALE,train
HH-003,2025-09-04,5,SALE,train
HH-003,2025-09-05,84,RESTOCK,train
HH-003,2025-09-05,8,SALE,train
HH-003,2025-09-06,6,SALE,train
HH-003,2025-09-07,7,SALE,train
HH-003,2025-09-08,6,SALE,train
HH-003,2025-09-09,8,SALE,train
HH-003,2025-09-10,7,SALE,train
HH-003,2025-09-11,7,SALE,train
HH-003,2025-09-12,7,SALE,train
HH-003,2025-09-13,5,SALE,train
HH-003,2025-09-14,5,SALE,train
HH-003,2025-09-15,7,SALE,train
HH-003,2025-09-16,6,SALE,train
HH-003,2025-09-17,4,SALE,train
HH-003,2025-09-18,9,SALE,train
HH-003,2025-09-19,84,RESTOCK,train
HH-003,2025-09-19,7,SALE,train
HH-003,2025-09-20,6,SALE,train
HH-003,2025-09-21,6,SALE,train
HH-003,2025-09-22,6,SALE,train
HH-003,2025-09-23,7,SALE,train
HH-003,2025-09-24,3,SALE,train
HH-003,2025-09-25,9,SALE,train
HH-003,2025-09-26,5,SALE,train
HH-003,2025-09-27,6,SALE,train
HH-003,2025-09-28,6,SALE,holdout
HH-003,2025-09-29,9,SALE,holdout
HH-003,2025-09-30,6,SALE,holdout
HH-003,2025-10-01,84,RESTOCK,holdout
HH-003,2025-10-01,8,SALE,holdout
HH-003,2025-10-02,7,SALE,holdout
HH-003,2025-10-03,5,SALE,holdout
HH-003,2025-10-04,6,SALE,holdout
HH-003,2025-10-05,6,SALE,holdout
HH-003,2025-10-06,4,SALE,holdout
HH-003,2025-10-07,7,SALE,holdout
HH-003,2025-10-08,6,SALE,holdout
HH-003,2025-10-09,7,SALE,holdout
HH-003,2025-10-10,6,SALE,holdout
HH-003,2025-10-11,5,SALE,holdout
HH-003,2025-10-12,7,SALE,holdout
HH-003,2025-10-13,5,SALE,holdout
HH-003,2025-10-14,1,SALE,holdout
HH-003,2025-10-15,84,RESTOCK,holdout
HH-003,2025-10-15,6,SALE,holdout
HH-003,2025-10-16,5,SALE,holdout
HH-003,2025-10-17,7,SALE,holdout
HH-003,2025-10-18,9,SALE,holdout
HH-003,2025-10-19,9,SALE,holdout
HH-003,2025-10-20,6,SALE,holdout
HH-003,2025-10-21,5,SALE,holdout
HH-003,2025-10-22,7,SALE,holdout
HH-003,2025-10-23,5,SALE,holdout
HH-003,2025-10-24,7,SALE,holdout
HH-003,2025-10-25,5,SALE,holdout
HH-003,2025-10-26,6,SALE,holdout
HH-003,2025-10-27,5,SALE,holdout
HH-004,2025-01-02,1,SALE,train
HH-004,2025-01-03,1,SALE,train
HH-004,2025-01-05,1,SALE,train
HH-004,2025-01-07,2,SALE,train
HH-004,2025-01-08,1,SALE,train
HH-004,2025-01-09,1,SALE,train
HH-004,2025-01-10,1,SALE,train
HH-004,2025-01-12,1,SALE,train
HH-004,2025-01-14,1,SALE,train
HH-004,2025-01-15,1,SALE,train
HH-004,2025-01-16,1,SALE,train
HH-004,2025-01-17,1,SALE,train
HH-004,2025-01-18,1,SALE,train
HH-004,2025-01-20,1,SALE,train
HH-004,2025-01-24,1,SALE,train
HH-004,2025-01-25,1,SALE,train
HH-004,2025-01-27,1,SALE,train
HH-004,2025-01-30,1,SALE,train
HH-004,2025-02-01,1,SALE,train
HH-004,2025-02-02,1,SALE,train
HH-004,2025-02-03,1,SALE,train
HH-004,2025-02-05,1,SALE,train
HH-004,2025-02-06,1,SALE,train
HH-004,2025-02-08,1,SALE,train
HH-004,2025-02-09,1,SALE,train
HH-004,2025-02-10,1,SALE,train
HH-004,2025-02-12,1,SALE,train
HH-004,2025-02-13,1,SALE,train
HH-004,2025-02-15,10,RESTOCK,train
HH-004,2025-02-16,1,SALE,train
HH-004,2025-02-17,1,SALE,train
HH-004,2025-02-18,1,SALE,train
HH-004,2025-02-21,2,SALE,train
HH-004,2025-02-25,1,SALE,train
HH-004,2025-02-26,1,SALE,train
HH-004,2025-02-27,2,SALE,train
HH-004,2025-02-28,1,SALE,train
HH-004,2025-03-04,10,RESTOCK,train
HH-004,2025-03-04,1,SALE,train
HH-004,2025-03-06,1,SALE,train
HH-004,2025-03-07,1,SALE,train
HH-004,2025-03-09,1,SALE,train
HH-004,2025-03-12,1,SALE,train
HH-004,2025-03-14,1,SALE,train
HH-004,2025-03-17,1,SALE,train
HH-004,2025-03-20,1,SALE,train
HH-004,2025-03-21,10,RESTOCK,train
HH-004,2025-03-22,1,SALE,train
HH-004,2025-03-23,1,SALE,train
HH-004,2025-03-24,1,SALE,train
HH-004,2025-03-27,2,SALE,train
HH-004,2025-03-29,2,SALE,train
HH-004,2025-03-30,1,SALE,train
HH-004,2025-03-31,1,SALE,train
HH-004,2025-04-01,1,SALE,train
HH-004,2025-04-03,1,SALE,train
HH-004,2025-04-05,1,SALE,train
HH-004,2025-04-06,10,RESTOCK,train
HH-004,2025-04-08,1,SALE,train
HH-004,2025-04-10,1,SALE,train
HH-004,2025-04-12,1,SALE,train
HH-004,2025-04-13,1,SALE,train
HH-004,2025-04-14,1,SALE,train
HH-004,2025-04-17,1,SALE,train
HH-004,2025-04-18,1,SALE,train
HH-004,2025-04-19,1,SALE,train
HH-004,2025-04-20,1,SALE,train
HH-004,2025-04-24,10,RESTOCK,train
HH-004,2025-04-26,2,SALE,train
HH-004,2025-04-27,1,SALE,train
HH-004,2025-04-28,1,SALE,train
HH-004,2025-04-29,1,SALE,train
HH-004,2025-04-30,1,SALE,train
HH-004,2025-05-01,1,SALE,train
HH-004,2025-05-02,1,SALE,train
HH-004,2025-05-03,1,SALE,train
HH-004,2025-05-09,10,RESTOCK,train
HH-004,2025-05-09,1,SALE,train
HH-004,2025-05-10,1,SALE,train
HH-004,2025-05-11,1,SALE,train
HH-004,2025-05-12,1,SALE,train
HH-004,2025-05-13,1,SALE,train
HH-004,2025-05-15,1,SALE,train
HH-004,2025-05-19,1,SALE,train
HH-004,2025-05-20,1,SALE,train
HH-004,2025-05-22,1,SALE,train
HH-004,2025-05-23,1,SALE,train
HH-004,2025-05-24,1,SALE,train
HH-004,2025-05-25,1,SALE,train
HH-004,2025-05-28,10,RESTOCK,train
HH-004,2025-05-29,1,SALE,train
HH-004,2025-05-30,1,SALE,train
HH-004,2025-06-02,1,SALE,train
HH-004,2025-06-06,1,SALE,train
HH-004,2025-06-07,1,SALE,train
HH-004,2025-06-08,1,SALE,train
HH-004,2025-06-09,1,SALE,train
HH-004,2025-06-10,1,SALE,train
HH-004,2025-06-11,1,SALE,train
HH-004,2025-06-15,1,SALE,train
HH-004,2025-06-16,1,SALE,train
HH-004,2025-06-17,10,RESTOCK,train
HH-004,2025-06-17,1,SALE,train
HH-004,2025-06-18,2,SALE,train
HH-004,2025-06-19,1,SALE,train
HH-004,2025-06-21,1,SALE,train
HH-004,2025-06-22,1,SALE,train
HH-004,2025-06-23,1,SALE,train
HH-004,2025-06-24,1,SALE,train
HH-004,2025-06-28,10,RESTOCK,train
HH-004,2025-06-30,1,SALE,train
HH-004,2025-07-01,1,SALE,train
HH-004,2025-07-02,1,SALE,train
HH-004,2025-07-05,1,SALE,train
HH-004,2025-07-06,1,SALE,train
HH-004,2025-07-07,1,SALE,train
HH-004,2025-07-08,1,SALE,train
HH-004,2025-07-13,1,SALE,train
HH-004,2025-07-17,1,SALE,train
HH-004,2025-07-18,10,RESTOCK,train
HH-004,2025-07-19,1,SALE,train
HH-004,2025-07-20,1,SALE,train
HH-004,2025-07-23,1,SALE,train
HH-004,2025-07-24,1,SALE,train
HH-004,2025-07-25,1,SALE,train
HH-004,2025-07-26,1,SALE,train
HH-004,2025-07-27,1,SALE,train
HH-004,2025-07-28,1,SALE,train
HH-004,2025-07-31,1,SALE,train
HH-004,2025-08-01,1,SALE,train
HH-004,2025-08-02,2,SALE,train
HH-004,2025-08-04,1,SALE,train
HH-004,2025-08-06,10,RESTOCK,train
HH-004,2025-08-06,1,SALE,train
HH-004,2025-08-07,1,SALE,train
HH-004,2025-08-09,1,SALE,train
HH-004,2025-08-10,1,SALE,train
HH-004,2025-08-11,1,SALE,train
HH-004,2025-08-12,1,SALE,train
HH-004,2025-08-13,1,SALE,train
HH-004,2025-08-18,10,RESTOCK,train
HH-004,2025-08-19,1,SALE,train
HH-004,2025-08-20,1,SALE,train
HH-004,2025-08-21,1,SALE,train
HH-004,2025-08-22,1,SALE,train
HH-004,2025-08-24,2,SALE,train
HH-004,2025-08-25,1,SALE,train
HH-004,2025-08-26,1,SALE,train
HH-004,2025-08-29,1,SALE,train
HH-004,2025-08-31,1,SALE,train
HH-004,2025-09-02,10,RESTOCK,train
HH-004,2025-09-02,1,SALE,train
HH-004,2025-09-06,2,SALE,train
HH-004,2025-09-08,1,SALE,train
HH-004,2025-09-09,1,SALE,train
HH-004,2025-09-14,1,SALE,train
HH-004,2025-09-15,1,SALE,train
HH-004,2025-09-16,1,SALE,train
HH-004,2025-09-17,1,SALE,train
HH-004,2025-09-18,1,SALE,train
HH-004,2025-09-21,1,SALE,train
HH-004,2025-09-22,1,SALE,train
HH-004,2025-09-23,10,RESTOCK,train
HH-004,2025-09-23,1,SALE,train
HH-004,2025-09-25,1,SALE,train
HH-004,2025-09-26,1,SALE,train
HH-004,2025-10-02,1,SALE,holdout
HH-004,2025-10-04,1,SALE,holdout
HH-004,2025-10-05,1,SALE,holdout
HH-004,2025-10-08,1,SALE,holdout
HH-004,2025-10-09,1,SALE,holdout
HH-004,2025-10-10,1,SALE,holdout
HH-004,2025-10-11,1,SALE,holdout
HH-004,2025-10-12,10,RESTOCK,holdout
HH-004,2025-10-12,1,SALE,holdout
HH-004,2025-10-14,1,SALE,holdout
HH-004,2025-10-16,1,SALE,holdout
HH-004,2025-10-17,1,SALE,holdout
HH-004,2025-10-19,1,SALE,holdout
HH-004,2025-10-20,1,SALE,holdout
HH-004,2025-10-22,1,SALE,holdout
HH-004,2025-10-24,1,SALE,holdout
HH-004,2025-10-25,1,SALE,holdout
HH-004,2025-10-26,1,SALE,holdout
HH-004,2025-10-27,10,RESTOCK,holdout
HH-004,2025-10-27,1,SALE,holdout
PC-001,2025-01-01,6,SALE,train
PC-001,2025-01-02,7,SALE,train
PC-001,2025-01-03,7,SALE,train
PC-001,2025-01-04,8,SALE,train
PC-001,2025-01-05,9,SALE,train
PC-001,2025-01-06,5,SALE,train
PC-001,2025-01-07,10,SALE,train
PC-001,2025-01-08,6,SALE,train
PC-001,2025-01-09,7,SALE,train
PC-001,2025-01-10,98,RESTOCK,train
PC-001,2025-01-10,8,SALE,train
PC-001,2025-01-11,10,SALE,train
PC-001,2025-01-12,6,SALE,train
PC-001,2025-01-13,4,SALE,train
PC-001,2025-01-14,9,SALE,train
PC-001,2025-01-15,6,SALE,train
PC-001,2025-01-16,6,SALE,train
PC-001,2025-01-17,5,SALE,train
PC-001,2025-01-18,6,SALE,train
PC-001,2025-01-19,6,SALE,train
PC-001,2025-01-20,8,SALE,train
PC-001,2025-01-21,7,SALE,train
PC-001,2025-01-22,6,SALE,train
PC-001,2025-01-23,8,SALE,train
PC-001,2025-01-24,7,SALE,train
PC-001,2025-01-25,98,RESTOCK,train
PC-001,2025-01-25,4,SALE,train
PC-001,2025-01-26,8,SALE,train
PC-001,2025-01-27,7,SALE,train
PC-001,2025-01-28,9,SALE,train
PC-001,2025-01-29,7,SALE,train
PC-001,2025-01-30,6,SALE,train
PC-001,2025-01-31,7,SALE,train
PC-001,2025-02-01,8,SALE,train
PC-001,2025-02-02,6,SALE,train
PC-001,2025-02-03,6,SALE,train
PC-001,2025-02-04,7,SALE,train
PC-001,2025-02-05,5,SALE,train
PC-001,2025-02-06,6,SALE,train
PC-001,2025-02-07,7,SALE,train
PC-001,2025-02-08,98,RESTOCK,train
PC-001,2025-02-08,9,SALE,train
PC-001,2025-02-09,7,SALE,train
PC-001,2025-02-10,7,SALE,train
PC-001,2025-02-11,6,SALE,train
PC-001,2025-02-12,9,SALE,train
PC-001,2025-02-13,8,SALE,train
PC-001,2025-02-14,6,SALE,train
PC-001,2025-02-15,8,SALE,train
PC-001,2025-02-16,8,SALE,train
PC-001,2025-02-17,6,SALE,train
PC-001,2025-02-18,7,SALE,train
PC-001,2025-02-19,6,SALE,train
PC-001,2025-02-21,98,RESTOCK,train
PC-001,2025-02-21,8,SALE,train
PC-001,2025-02-22,7,SALE,train
PC-001,2025-02-23,8,SALE,train
PC-001,2025-02-24,9,SALE,train
PC-001,2025-02-25,7,SALE,train
PC-001,2025-02-26,6,SALE,train
PC-001,2025-02-27,8,SALE,train
PC-001,2025-02-28,7,SALE,train
PC-001,2025-03-01,6,SALE,train
PC-001,2025-03-02,5,SALE,train
PC-001,2025-03-03,9,SALE,train
PC-001,2025-03-04,7,SALE,train
PC-001,2025-03-05,6,SALE,train
PC-001,2025-03-06,7,SALE,train
PC-001,2025-03-07,8,SALE,train
PC-001,2025-03-08,98,RESTOCK,train
PC-001,2025-03-08,7,SALE,train
PC-001,2025-03-09,5,SALE,train
PC-001,2025-03-10,7,SALE,train
PC-001,2025-03-11,9,SALE,train
PC-001,2025-03-12,9,SALE,train
PC-001,2025-03-13,6,SALE,train
PC-001,2025-03-14,9,SALE,train
PC-001,2025-03-15,7,SALE,train
PC-001,2025-03-16,9,SALE,train
PC-001,2025-03-17,8,SALE,train
PC-001,2025-03-18,5,SALE,train
PC-001,2025-03-19,9,SALE,train
PC-001,2025-03-20,7,SALE,train
PC-001,2025-03-21,8,SALE,train
PC-001,2025-03-22,5,SALE,train
PC-001,2025-03-23,98,RESTOCK,train
PC-001,2025-03-23,8,SALE,train
PC-001,2025-03-24,9,SALE,train
PC-001,2025-03-25,10,SALE,train
PC-001,2025-03-26,9,SALE,train
PC-001,2025-03-27,8,SALE,train
PC-001,2025-03-28,5,SALE,train
PC-001,2025-03-29,7,SALE,train
PC-001,2025-03-31,7,SALE,train
PC-001,2025-04-01,5,SALE,train
PC-001,2025-04-02,7,SALE,train
PC-001,2025-04-03,98,RESTOCK,train
PC-001,2025-04-03,6,SALE,train
PC-001,2025-04-04,6,SALE,train
PC-001,2025-04-05,6,SALE,train
PC-001,2025-04-06,7,SALE,train
PC-001,2025-04-07,7,SALE,train
PC-001,2025-04-08,4,SALE,train
PC-001,2025-04-09,4,SALE,train
PC-001,2025-04-10,7,SALE,train
PC-001,2025-04-11,7,SALE,train
PC-001,2025-04-12,7,SALE,train
PC-001,2025-04-13,6,SALE,train
PC-001,2025-04-14,7,SALE,train
PC-001,2025-04-15,7,SALE,train
PC-001,2025-04-16,6,SALE,train
PC-001,2025-04-17,8,SALE,train
PC-001,2025-04-18,7,SALE,train
PC-001,2025-04-19,8,SALE,train
PC-001,2025-04-20,7,SALE,train
PC-001,2025-04-21,98,RESTOCK,train
PC-001,2025-04-21,10,SALE,train
PC-001,2025-04-22,8,SALE,train
PC-001,2025-04-23,6,SALE,train
PC-001,2025-04-24,8,SALE,train
PC-001,2025-04-25,5,SALE,train
PC-001,2025-04-26,7,SALE,train
PC-001,2025-04-27,7,SALE,train
PC-001,2025-04-28,7,SALE,train
PC-001,2025-04-29,7,SALE,train
PC-001,2025-05-01,6,SALE,train
PC-001,2025-05-02,7,SALE,train
PC-001,2025-05-03,5,SALE,train
PC-001,2025-05-04,9,SALE,train
PC-001,2025-05-05,3,SALE,train
PC-001,2025-05-06,98,RESTOCK,train
PC-001,2025-05-06,7,SALE,train
PC-001,2025-05-07,7,SALE,train
PC-001,2025-05-08,8,SALE,train
PC-001,2025-05-09,6,SALE,train
PC-001,2025-05-10,9,SALE,train
PC-001,2025-05-11,5,SALE,train
PC-001,2025-05-12,6,SALE,train
PC-001,2025-05-13,8,SALE,train
PC-001,2025-05-15,5,SALE,train
PC-001,2025-05-16,11,SALE,train
PC-001,2025-05-17,6,SALE,train
PC-001,2025-05-18,5,SALE,train
PC-001,2025-05-19,98,RESTOCK,train
PC-001,2025-05-19,8,SALE,train
PC-001,2025-05-21,6,SALE,train
PC-001,2025-05-22,8,SALE,train
PC-001,2025-05-23,5,SALE,train
PC-001,2025-05-24,5,SALE,train
PC-001,2025-05-25,6,SALE,train
PC-001,2025-05-26,9,SALE,train
PC-001,2025-05-27,6,SALE,train
PC-001,2025-05-28,9,SALE,train
PC-001,2025-05-29,9,SALE,train
PC-001,2025-05-30,7,SALE,train
PC-001,2025-05-31,7,SALE,train
PC-001,2025-06-01,7,SALE,train
PC-001,2025-06-02,7,SALE,train
PC-001,2025-06-03,6,SALE,train
PC-001,2025-06-04,7,SALE,train
PC-001,2025-06-05,98,RESTOCK,train
PC-001,2025-06-05,6,SALE,train
PC-001,2025-06-06,4,SALE,train
PC-001,2025-06-07,9,SALE,train
PC-001,2025-06-08,7,SALE,train
PC-001,2025-06-09,7,SALE,train
PC-001,2025-06-10,8,SALE,train
PC-001,2025-06-11,6,SALE,train
PC-001,2025-06-12,6,SALE,train
PC-001,2025-06-13,7,SALE,train
PC-001,2025-06-14,9,SALE,train
PC-001,2025-06-15,5,SALE,train
PC-001,2025-06-16,3,SALE,train
PC-001,2025-06-17,6,SALE,train
PC-001,2025-06-18,9,SALE,train
PC-001,2025-06-19,5,SALE,train
PC-001,2025-06-20,98,RESTOCK,train
PC-001,2025-06-20,5,SALE,train
PC-001,2025-06-21,7,SALE,train
PC-001,2025-06-22,11,SALE,train
PC-001,2025-06-23,5,SALE,train
PC-001,2025-06-24,5,SALE,train
PC-001,2025-06-26,9,SALE,train
PC-001,2025-06-27,6,SALE,train
PC-001,2025-06-28,5,SALE,train
PC-001,2025-06-29,8,SALE,train
PC-001,2025-06-30,8,SALE,train
PC-001,2025-07-01,9,SALE,train
PC-001,2025-07-02,8,SALE,train
PC-001,2025-07-03,8,SALE,train
PC-001,2025-07-04,7,SALE,train
PC-001,2025-07-05,10,SALE,train
PC-001,2025-07-06,98,RESTOCK,train
PC-001,2025-07-06,6,SALE,train
PC-001,2025-07-07,6,SALE,train
PC-001,2025-07-08,10,SALE,train
PC-001,2025-07-09,5,SALE,train
PC-001,2025-07-10,4,SALE,train
PC-001,2025-07-11,7,SALE,train
PC-001,2025-07-12,7,SALE,train
PC-001,2025-07-13,7,SALE,train
PC-001,2025-07-14,8,SALE,train
PC-001,2025-07-15,6,SALE,train
PC-001,2025-07-16,7,SALE,train
PC-001,2025-07-17,6,SALE,train
PC-001,2025-07-18,98,RESTOCK,train
PC-001,2025-07-18,6,SALE,train
PC-001,2025-07-19,7,SALE,train
PC-001,2025-07-20,8,SALE,train
PC-001,2025-07-21,10,SALE,train
PC-001,2025-07-22,8,SALE,train
PC-001,2025-07-23,3,SALE,train
PC-001,2025-07-24,7,SALE,train
PC-001,2025-07-25,7,SALE,train
PC-001,2025-07-26,8,SALE,train
PC-001,2025-07-27,7,SALE,train
PC-001,2025-07-28,9,SALE,train
PC-001,2025-07-29,8,SALE,train
PC-001,2025-07-30,9,SALE,train
PC-001,2025-07-31,6,SALE,train
PC-001,2025-08-01,98,RESTOCK,train
PC-001,2025-08-01,7,SALE,train
PC-001,2025-08-02,8,SALE,train
PC-001,2025-08-03,6,SALE,train
PC-001,2025-08-04,6,SALE,train
PC-001,2025-08-05,6,SALE,train
PC-001,2025-08-06,6,SALE,train
PC-001,2025-08-07,8,SALE,train
PC-001,2025-08-08,4,SALE,train
PC-001,2025-08-09,5,SALE,train
PC-001,2025-08-10,10,SALE,train
PC-001,2025-08-11,6,SALE,train
PC-001,2025-08-12,7,SALE,train
PC-001,2025-08-13,5,SALE,train
PC-001,2025-08-14,7,SALE,train
PC-001,2025-08-15,6,SALE,train
PC-001,2025-08-16,98,RESTOCK,train
PC-001,2025-08-16,5,SALE,train
PC-001,2025-08-17,9,SALE,train
PC-001,2025-08-18,9,SALE,train
PC-001,2025-08-19,7,SALE,train
PC-001,2025-08-20,8,SALE,train
PC-001,2025-08-21,10,SALE,train
PC-001,2025-08-22,8,SALE,train
PC-001,2025-08-23,8,SALE,train
PC-001,2025-08-24,7,SALE,train
PC-001,2025-08-25,8,SALE,train
PC-001,2025-08-26,6,SALE,train
PC-001,2025-08-27,7,SALE,train
PC-001,2025-08-28,8,SALE,train
PC-001,2025-08-29,98,RESTOCK,train
PC-001,2025-08-29,6,SALE,train
PC-001,2025-08-30,6,SALE,train
PC-001,2025-08-31,7,SALE,train
PC-001,2025-09-01,9,SALE,train
PC-001,2025-09-02,5,SALE,train
PC-001,2025-09-03,8,SALE,train
PC-001,2025-09-04,8,SALE,train
PC-001,2025-09-05,8,SALE,train
PC-001,2025-09-06,6,SALE,train
PC-001,2025-09-07,5,SALE,train
PC-001,2025-09-08,8,SALE,train
PC-001,2025-09-09,7,SALE,train
PC-001,2025-09-10,8,SALE,train
PC-001,2025-09-11,98,RESTOCK,train
PC-001,2025-09-11,6,SALE,train
PC-001,2025-09-12,8,SALE,train
PC-001,2025-09-13,8,SALE,train
PC-001,2025-09-14,7,SALE,train
PC-001,2025-09-15,8,SALE,train
PC-001,2025-09-16,8,SALE,train
PC-001,2025-09-17,6,SALE,train
PC-001,2025-09-18,8,SALE,train
PC-001,2025-09-19,9,SALE,train
PC-001,2025-09-20,7,SALE,train
PC-001,2025-09-22,6,SALE,train
PC-001,2025-09-23,5,SALE,train
PC-001,2025-09-24,9,SALE,train
PC-001,2025-09-25,8,SALE,train
PC-001,2025-09-26,98,RESTOCK,train
PC-001,2025-09-26,6,SALE,train
PC-001,2025-09-27,5,SALE,train
PC-001,2025-09-28,6,SALE,holdout
PC-001,2025-09-29,6,SALE,holdout
PC-001,2025-09-30,7,SALE,holdout
PC-001,2025-10-01,7,SALE,holdout
PC-001,2025-10-02,9,SALE,holdout
PC-001,2025-10-03,6,SALE,holdout
PC-001,2025-10-04,5,SALE,holdout
PC-001,2025-10-05,5,SALE,holdout
PC-001,2025-10-06,7,SALE,holdout
PC-001,2025-10-07,6,SALE,holdout
PC-001,2025-10-08,7,SALE,holdout
PC-001,2025-10-09,6,SALE,holdout
PC-001,2025-10-10,8,SALE,holdout
PC-001,2025-10-11,98,RESTOCK,holdout
PC-001,2025-10-11,6,SALE,holdout
PC-001,2025-10-12,6,SALE,holdout
PC-001,2025-10-13,8,SALE,holdout
PC-001,2025-10-14,6,SALE,holdout
PC-001,2025-10-15,8,SALE,holdout
PC-001,2025-10-16,7,SALE,holdout
PC-001,2025-10-17,7,SALE,holdout
PC-001,2025-10-18,5,SALE,holdout
PC-001,2025-10-19,9,SALE,holdout
PC-001,2025-10-20,10,SALE,holdout
PC-001,2025-10-21,7,SALE,holdout
PC-001,2025-10-22,6,SALE,holdout
PC-001,2025-10-23,7,SALE,holdout
PC-001,2025-10-24,8,SALE,holdout
PC-001,2025-10-25,98,RESTOCK,holdout
PC-001,2025-10-25,6,SALE,holdout
PC-001,2025-10-26,7,SALE,holdout
PC-001,2025-10-27,7,SALE,holdout
PC-002,2025-01-01,6,SALE,train
PC-002,2025-01-02,4,SALE,train
PC-002,2025-01-03,3,SALE,train
PC-002,2025-01-04,5,SALE,train
PC-002,2025-01-05,6,SALE,train
PC-002,2025-01-06,4,SALE,train
PC-002,2025-01-07,3,SALE,train
PC-002,2025-01-08,5,SALE,train
PC-002,2025-01-09,5,SALE,train
PC-002,2025-01-11,6,SALE,train
PC-002,2025-01-12,70,RESTOCK,train
PC-002,2025-01-12,5,SALE,train
PC-002,2025-01-13,7,SALE,train
PC-002,2025-01-14,5,SALE,train
PC-002,2025-01-15,5,SALE,train
PC-002,2025-01-16,3,SALE,train
PC-002,2025-01-18,5,SALE,train
PC-002,2025-01-19,6,SALE,train
PC-002,2025-01-20,6,SALE,train
PC-002,2025-01-21,4,SALE,train
PC-002,2025-01-22,5,SALE,train
PC-002,2025-01-23,6,SALE,train
PC-002,2025-01-24,7,SALE,train
PC-002,2025-01-25,6,SALE,train
PC-002,2025-01-26,6,SALE,train
PC-002,2025-01-27,70,RESTOCK,train
PC-002,2025-01-27,5,SALE,train
PC-002,2025-01-28,5,SALE,train
PC-002,2025-01-29,6,SALE,train
PC-002,2025-01-30,4,SALE,train
PC-002,2025-01-31,5,SALE,train
PC-002,2025-02-01,4,SALE,train
PC-002,2025-02-02,5,SALE,train
PC-002,2025-02-03,6,SALE,train
PC-002,2025-02-04,4,SALE,train
PC-002,2025-02-05,2,SALE,train
PC-002,2025-02-06,5,SALE,train
PC-002,2025-02-07,6,SALE,train
PC-002,2025-02-08,6,SALE,train
PC-002,2025-02-09,70,RESTOCK,train
PC-002,2025-02-09,5,SALE,train
PC-002,2025-02-10,5,SALE,train
PC-002,2025-02-11,4,SALE,train
PC-002,2025-02-12,6,SALE,train
PC-002,2025-02-13,4,SALE,train
PC-002,2025-02-14,7,SALE,train
PC-002,2025-02-15,6,SALE,train
PC-002,2025-02-16,4,SALE,train
PC-002,2025-02-17,4,SALE,train
PC-002,2025-02-18,5,SALE,train
PC-002,2025-02-19,5,SALE,train
PC-002,2025-02-20,6,SALE,train
PC-002,2025-02-21,5,SALE,train
PC-002,2025-02-22,4,SALE,train
PC-002,2025-02-23,70,RESTOCK,train
PC-002,2025-02-24,5,SALE,train
PC-002,2025-02-25,6,SALE,train
PC-002,2025-02-26,4,SALE,train
PC-002,2025-02-27,5,SALE,train
PC-002,2025-02-28,5,SALE,train
PC-002,2025-03-01,3,SALE,train
PC-002,2025-03-02,7,SALE,train
PC-002,2025-03-03,6,SALE,train
PC-002,2025-03-04,5,SALE,train
PC-002,2025-03-05,4,SALE,train
PC-002,2025-03-06,5,SALE,train
PC-002,2025-03-07,5,SALE,train
PC-002,2025-03-08,5,SALE,train
PC-002,2025-03-09,5,SALE,train
PC-002,2025-03-10,70,RESTOCK,train
PC-002,2025-03-10,6,SALE,train
PC-002,2025-03-11,7,SALE,train
PC-002,2025-03-12,6,SALE,train
PC-002,2025-03-13,4,SALE,train
PC-002,2025-03-14,6,SALE,train
PC-002,2025-03-15,7,SALE,train
PC-002,2025-03-16,8,SALE,train
PC-002,2025-03-17,4,SALE,train
PC-002,2025-03-18,5,SALE,train
PC-002,2025-03-19,3,SALE,train
PC-002,2025-03-20,6,SALE,train
PC-002,2025-03-21,4,SALE,train
PC-002,2025-03-22,7,SALE,train
PC-002,2025-03-23,70,RESTOCK,train
PC-002,2025-03-23,4,SALE,train
PC-002,2025-03-24,3,SALE,train
PC-002,2025-03-25,4,SALE,train
PC-002,2025-03-26,3,SALE,train
PC-002,2025-03-27,6,SALE,train
PC-002,2025-03-28,3,SALE,train
PC-002,2025-03-29,5,SALE,train
PC-002,2025-03-30,3,SALE,train
PC-002,2025-03-31,5,SALE,train
PC-002,2025-04-01,7,SALE,train
PC-002,2025-04-02,5,SALE,train
PC-002,2025-04-03,4,SALE,train
PC-002,2025-04-04,5,SALE,train
PC-002,2025-04-05,5,SALE,train
PC-002,2025-04-06,6,SALE,train
PC-002,2025-04-07,70,RESTOCK,train
PC-002,2025-04-07,3,SALE,train
PC-002,2025-04-08,6,SALE,train
PC-002,2025-04-09,2,SALE,train
PC-002,2025-04-10,4,SALE,train
PC-002,2025-04-11,4,SALE,train
PC-002,2025-04-12,6,SALE,train
PC-002,2025-04-13,5,SALE,train
PC-002,2025-04-14,3,SALE,train
PC-002,2025-04-15,4,SALE,train
PC-002,2025-04-16,5,SALE,train
PC-002,2025-04-17,5,SALE,train
PC-002,2025-04-18,4,SALE,train
PC-002,2025-04-19,4,SALE,train
PC-002,2025-04-20,6,SALE,train
PC-002,2025-04-21,4,SALE,train
PC-002,2025-04-22,5,SALE,train
PC-002,2025-04-23,7,SALE,train
PC-002,2025-04-24,70,RESTOCK,train
PC-002,2025-04-24,3,SALE,train
PC-002,2025-04-25,3,SALE,train
PC-002,2025-04-26,6,SALE,train
PC-002,2025-04-27,4,SALE,train
PC-002,2025-04-28,5,SALE,train
PC-002,2025-04-29,4,SALE,train
PC-002,2025-04-30,5,SALE,train
PC-002,2025-05-01,7,SALE,train
PC-002,2025-05-02,6,SALE,train
PC-002,2025-05-03,6,SALE,train
PC-002,2025-05-04,3,SALE,train
PC-002,2025-05-05,4,SALE,train
PC-002,2025-05-06,2,SALE,train
PC-002,2025-05-07,70,RESTOCK,train
PC-002,2025-05-07,4,SALE,train
PC-002,2025-05-08,6,SALE,train
PC-002,2025-05-09,6,SALE,train
PC-002,2025-05-10,5,SALE,train
PC-002,2025-05-11,5,SALE,train
PC-002,2025-05-12,4,SALE,train
PC-002,2025-05-13,5,SALE,train
PC-002,2025-05-14,6,SALE,train
PC-002,2025-05-15,3,SALE,train
PC-002,2025-05-16,5,SALE,train
PC-002,2025-05-17,6,SALE,train
PC-002,2025-05-18,5,SALE,train
PC-002,2025-05-19,6,SALE,train
PC-002,2025-05-20,8,SALE,train
PC-002,2025-05-21,5,SALE,train
PC-002,2025-05-22,70,RESTOCK,train
PC-002,2025-05-22,5,SALE,train
PC-002,2025-05-23,4,SALE,train
PC-002,2025-05-24,5,SALE,train
PC-002,2025-05-26,5,SALE,train
PC-002,2025-05-27,4,SALE,train
PC-002,2025-05-28,5,SALE,train
PC-002,2025-05-29,7,SALE,train
PC-002,2025-05-30,5,SALE,train
PC-002,2025-05-31,6,SALE,train
PC-002,2025-06-01,5,SALE,train
PC-002,2025-06-02,6,SALE,train
PC-002,2025-06-03,5,SALE,train
PC-002,2025-06-04,4,SALE,train
PC-002,2025-06-05,70,RESTOCK,train
PC-002,2025-06-05,5,SALE,train
PC-002,2025-06-06,4,SALE,train
PC-002,2025-06-07,4,SALE,train
PC-002,2025-06-08,5,SALE,train
PC-002,2025-06-09,5,SALE,train
PC-002,2025-06-10,4,SALE,train
PC-002,2025-06-11,6,SALE,train
PC-002,2025-06-12,6,SALE,train
PC-002,2025-06-13,4,SALE,train
PC-002,2025-06-14,3,SALE,train
PC-002,2025-06-15,5,SALE,train
PC-002,2025-06-16,5,SALE,train
PC-002,2025-06-17,5,SALE,train
PC-002,2025-06-18,5,SALE,train
PC-002,2025-06-19,3,SALE,train
PC-002,2025-06-20,5,SALE,train
PC-002,2025-06-21,70,RESTOCK,train
PC-002,2025-06-21,5,SALE,train
PC-002,2025-06-22,6,SALE,train
PC-002,2025-06-23,4,SALE,train
PC-002,2025-06-24,7,SALE,train
PC-002,2025-06-25,3,SALE,train
PC-002,2025-06-26,6,SALE,train
PC-002,2025-06-27,5,SALE,train
PC-002,2025-06-28,6,SALE,train
PC-002,2025-06-29,5,SALE,train
PC-002,2025-06-30,6,SALE,train
PC-002,2025-07-01,5,SALE,train
PC-002,2025-07-02,4,SALE,train
PC-002,2025-07-03,7,SALE,train
PC-002,2025-07-04,70,RESTOCK,train
PC-002,2025-07-04,5,SALE,train
PC-002,2025-07-05,5,SALE,train
PC-002,2025-07-06,6,SALE,train
PC-002,2025-07-07,4,SALE,train
PC-002,2025-07-08,6,SALE,train
PC-002,2025-07-09,4,SALE,train
PC-002,2025-07-10,5,SALE,train
PC-002,2025-07-11,5,SALE,train
PC-002,2025-07-12,3,SALE,train
PC-002,2025-07-13,4,SALE,train
PC-002,2025-07-14,6,SALE,train
PC-002,2025-07-15,6,SALE,train
PC-002,2025-07-16,5,SALE,train
PC-002,2025-07-17,5,SALE,train
PC-002,2025-07-18,70,RESTOCK,train
PC-002,2025-07-18,5,SALE,train
PC-002,2025-07-19,6,SALE,train
PC-002,2025-07-20,5,SALE,train
PC-002,2025-07-21,5,SALE,train
PC-002,2025-07-22,6,SALE,train
PC-002,2025-07-23,4,SALE,train
PC-002,2025-07-24,7,SALE,train
PC-002,2025-07-25,3,SALE,train
PC-002,2025-07-26,7,SALE,train
PC-002,2025-07-27,5,SALE,train
PC-002,2025-07-28,5,SALE,train
PC-002,2025-07-29,3,SALE,train
PC-002,2025-07-30,4,SALE,train
PC-002,2025-07-31,4,SALE,train
PC-002,2025-08-01,70,RESTOCK,train
PC-002,2025-08-01,4,SALE,train
PC-002,2025-08-02,5,SALE,train
PC-002,2025-08-03,6,SALE,train
PC-002,2025-08-04,5,SALE,train
PC-002,2025-08-05,5,SALE,train
PC-002,2025-08-06,4,SALE,train
PC-002,2025-08-07,4,SALE,train
PC-002,2025-08-08,7,SALE,train
PC-002,2025-08-09,4,SALE,train
PC-002,2025-08-10,7,SALE,train
PC-002,2025-08-11,5,SALE,train
PC-002,2025-08-12,5,SALE,train
PC-002,2025-08-13,6,SALE,train
PC-002,2025-08-14,6,SALE,train
PC-002,2025-08-15,70,RESTOCK,train
PC-002,2025-08-15,5,SALE,train
PC-002,2025-08-16,5,SALE,train
PC-002,2025-08-17,5,SALE,train
PC-002,2025-08-18,5,SALE,train
PC-002,2025-08-19,6,SALE,train
PC-002,2025-08-20,5,SALE,train
PC-002,2025-08-21,6,SALE,train
PC-002,2025-08-22,7,SALE,train
PC-002,2025-08-23,5,SALE,train
PC-002,2025-08-24,5,SALE,train
PC-002,2025-08-25,3,SALE,train
PC-002,2025-08-26,2,SALE,train
PC-002,2025-08-27,5,SALE,train
PC-002,2025-08-28,70,RESTOCK,train
PC-002,2025-08-28,5,SALE,train
PC-002,2025-08-29,4,SALE,train
PC-002,2025-08-30,5,SALE,train
PC-002,2025-08-31,5,SALE,train
PC-002,2025-09-01,6,SALE,train
PC-002,2025-09-02,5,SALE,train
PC-002,2025-09-03,4,SALE,train
PC-002,2025-09-04,6,SALE,train
PC-002,2025-09-05,5,SALE,train
PC-002,2025-09-06,6,SALE,train
PC-002,2025-09-07,4,SALE,train
PC-002,2025-09-08,4,SALE,train
PC-002,2025-09-09,5,SALE,train
PC-002,2025-09-10,5,SALE,train
PC-002,2025-09-11,6,SALE,train
PC-002,2025-09-12,5,SALE,train
PC-002,2025-09-13,70,RESTOCK,train
PC-002,2025-09-13,3,SALE,train
PC-002,2025-09-14,5,SALE,train
PC-002,2025-09-15,6,SALE,train
PC-002,2025-09-16,5,SALE,train
PC-002,2025-09-17,5,SALE,train
PC-002,2025-09-18,6,SALE,train
PC-002,2025-09-19,4,SALE,train
PC-002,2025-09-20,3,SALE,train
PC-002,2025-09-21,5,SALE,train
PC-002,2025-09-22,4,SALE,train
PC-002,2025-09-23,4,SALE,train
PC-002,2025-09-24,5,SALE,train
PC-002,2025-09-25,6,SALE,train
PC-002,2025-09-26,70,RESTOCK,train
PC-002,2025-09-26,5,SALE,train
PC-002,2025-09-27,5,SALE,train
PC-002,2025-09-28,7,SALE,holdout
PC-002,2025-09-29,5,SALE,holdout
PC-002,2025-09-30,5,SALE,holdout
PC-002,2025-10-01,4,SALE,holdout
PC-002,2025-10-02,4,SALE,holdout
PC-002,2025-10-03,4,SALE,holdout
PC-002,2025-10-04,4,SALE,holdout
PC-002,2025-10-05,5,SALE,holdout
PC-002,2025-10-06,8,SALE,holdout
PC-002,2025-10-07,4,SALE,holdout
PC-002,2025-10-08,5,SALE,holdout
PC-002,2025-10-09,5,SALE,holdout
PC-002,2025-10-10,5,SALE,holdout
PC-002,2025-10-11,70,RESTOCK,holdout
PC-002,2025-10-11,5,SALE,holdout
PC-002,2025-10-12,6,SALE,holdout
PC-002,2025-10-13,2,SALE,holdout
PC-002,2025-10-14,2,SALE,holdout
PC-002,2025-10-15,4,SALE,holdout
PC-002,2025-10-16,6,SALE,holdout
PC-002,2025-10-17,3,SALE,holdout
PC-002,2025-10-18,2,SALE,holdout
PC-002,2025-10-19,6,SALE,holdout
PC-002,2025-10-20,5,SALE,holdout
PC-002,2025-10-21,4,SALE,holdout
PC-002,2025-10-22,4,SALE,holdout
PC-002,2025-10-23,4,SALE,holdout
PC-002,2025-10-24,5,SALE,holdout
PC-002,2025-10-25,4,SALE,holdout
PC-002,2025-10-26,6,SALE,holdout
PC-002,2025-10-27,70,RESTOCK,holdout
PC-002,2025-10-27,2,SALE,holdout
PC-003,2025-01-01,3,SALE,train
PC-003,2025-01-02,1,SALE,train
PC-003,2025-01-03,3,SALE,train
PC-003,2025-01-04,3,SALE,train
PC-003,2025-01-05,1,SALE,train
PC-003,2025-01-06,1,SALE,train
PC-003,2025-01-07,2,SALE,train
PC-003,2025-01-08,2,SALE,train
PC-003,2025-01-09,3,SALE,train
PC-003,2025-01-10,2,SALE,train
PC-003,2025-01-11,1,SALE,train
PC-003,2025-01-12,1,SALE,train
PC-003,2025-01-13,3,SALE,train
PC-003,2025-01-14,2,SALE,train
PC-003,2025-01-15,2,SALE,train
PC-003,2025-01-16,3,SALE,train
PC-003,2025-01-17,2,SALE,train
PC-003,2025-01-18,28,RESTOCK,train
PC-003,2025-01-18,2,SALE,train
PC-003,2025-01-19,2,SALE,train
PC-003,2025-01-20,3,SALE,train
PC-003,2025-01-21,2,SALE,train
PC-003,2025-01-22,2,SALE,train
PC-003,2025-01-23,2,SALE,train
PC-003,2025-01-24,2,SALE,train
PC-003,2025-01-25,1,SALE,train
PC-003,2025-01-26,2,SALE,train
PC-003,2025-01-27,4,SALE,train
PC-003,2025-01-28,1,SALE,train
PC-003,2025-01-30,1,SALE,train
PC-003,2025-01-31,28,RESTOCK,train
PC-003,2025-01-31,3,SALE,train
PC-003,2025-02-01,2,SALE,train
PC-003,2025-02-02,2,SALE,train
PC-003,2025-02-03,1,SALE,train
PC-003,2025-02-04,2,SALE,train
PC-003,2025-02-05,1,SALE,train
PC-003,2025-02-06,2,SALE,train
PC-003,2025-02-07,3,SALE,train
PC-003,2025-02-08,1,SALE,train
PC-003,2025-02-09,1,SALE,train
PC-003,2025-02-10,3,SALE,train
PC-003,2025-02-11,2,SALE,train
PC-003,2025-02-12,3,SALE,train
PC-003,2025-02-13,2,SALE,train
PC-003,2025-02-14,2,SALE,train
PC-003,2025-02-15,2,SALE,train
PC-003,2025-02-16,1,SALE,train
PC-003,2025-02-17,2,SALE,train
PC-003,2025-02-18,2,SALE,train
PC-003,2025-02-19,28,RESTOCK,train
PC-003,2025-02-19,1,SALE,train
PC-003,2025-02-20,2,SALE,train
PC-003,2025-02-21,2,SALE,train
PC-003,2025-02-22,2,SALE,train
PC-003,2025-02-23,1,SALE,train
PC-003,2025-02-24,3,SALE,train
PC-003,2025-02-25,3,SALE,train
PC-003,2025-02-26,3,SALE,train
PC-003,2025-02-27,2,SALE,train
PC-003,2025-02-28,1,SALE,train
PC-003,2025-03-01,4,SALE,train
PC-003,2025-03-02,2,SALE,train
PC-003,2025-03-03,28,RESTOCK,train
PC-003,2025-03-03,1,SALE,train
PC-003,2025-03-04,2,SALE,train
PC-003,2025-03-05,3,SALE,train
PC-003,2025-03-06,2,SALE,train
PC-003,2025-03-07,3,SALE,train
PC-003,2025-03-08,3,SALE,train
PC-003,2025-03-09,1,SALE,train
PC-003,2025-03-10,1,SALE,train
PC-003,2025-03-11,3,SALE,train
PC-003,2025-03-13,2,SALE,train
PC-003,2025-03-14,1,SALE,train
PC-003,2025-03-15,28,RESTOCK,train
PC-003,2025-03-15,2,SALE,train
PC-003,2025-03-16,2,SALE,train
PC-003,2025-03-17,2,SALE,train
PC-003,2025-03-18,2,SALE,train
PC-003,2025-03-19,1,SALE,train
PC-003,2025-03-20,4,SALE,train
PC-003,2025-03-21,3,SALE,train
PC-003,2025-03-22,1,SALE,train
PC-003,2025-03-23,3,SALE,train
PC-003,2025-03-24,2,SALE,train
PC-003,2025-03-25,2,SALE,train
PC-003,2025-03-26,2,SALE,train
PC-003,2025-03-27,1,SALE,train
PC-003,2025-03-28,3,SALE,train
PC-003,2025-03-29,2,SALE,train
PC-003,2025-03-30,28,RESTOCK,train
PC-003,2025-03-30,2,SALE,train
PC-003,2025-03-31,1,SALE,train
PC-003,2025-04-01,1,SALE,train
PC-003,2025-04-02,1,SALE,train
PC-003,2025-04-03,2,SALE,train
PC-003,2025-04-04,1,SALE,train
PC-003,2025-04-05,2,SALE,train
PC-003,2025-04-06,3,SALE,train
PC-003,2025-04-07,3,SALE,train
PC-003,2025-04-08,2,SALE,train
PC-003,2025-04-09,2,SALE,train
PC-003,2025-04-10,4,SALE,train
PC-003,2025-04-12,2,SALE,train
PC-003,2025-04-13,1,SALE,train
PC-003,2025-04-14,2,SALE,train
PC-003,2025-04-15,3,SALE,train
PC-003,2025-04-17,28,RESTOCK,train
PC-003,2025-04-17,2,SALE,train
PC-003,2025-04-18,2,SALE,train
PC-003,2025-04-19,2,SALE,train
PC-003,2025-04-21,2,SALE,train
PC-003,2025-04-22,3,SALE,train
PC-003,2025-04-23,1,SALE,train
PC-003,2025-04-25,1,SALE,train
PC-003,2025-04-26,2,SALE,train
PC-003,2025-04-27,2,SALE,train
PC-003,2025-04-28,1,SALE,train
PC-003,2025-04-29,28,RESTOCK,train
PC-003,2025-04-29,3,SALE,train
PC-003,2025-04-30,3,SALE,train
PC-003,2025-05-01,2,SALE,train
PC-003,2025-05-02,2,SALE,train
PC-003,2025-05-03,2,SALE,train
PC-003,2025-05-04,3,SALE,train
PC-003,2025-05-05,1,SALE,train
PC-003,2025-05-06,3,SALE,train
PC-003,2025-05-07,2,SALE,train
PC-003,2025-05-08,2,SALE,train
PC-003,2025-05-09,4,SALE,train
PC-003,2025-05-10,2,SALE,train
PC-003,2025-05-11,2,SALE,train
PC-003,2025-05-13,3,SALE,train
PC-003,2025-05-14,1,SALE,train
PC-003,2025-05-15,1,SALE,train
PC-003,2025-05-16,2,SALE,train
PC-003,2025-05-17,28,RESTOCK,train
PC-003,2025-05-17,3,SALE,train
PC-003,2025-05-18,3,SALE,train
PC-003,2025-05-19,2,SALE,train
PC-003,2025-05-20,2,SALE,train
PC-003,2025-05-21,6,SALE,train
PC-003,2025-05-22,8,SALE,train
PC-003,2025-05-23,4,SALE,train
PC-003,2025-05-29,28,RESTOCK,train
PC-003,2025-05-29,8,SALE,train
PC-003,2025-05-30,5,SALE,train
PC-003,2025-05-31,7,SALE,train
PC-003,2025-06-01,8,SALE,train
PC-003,2025-06-06,28,RESTOCK,train
PC-003,2025-06-06,8,SALE,train
PC-003,2025-06-07,9,SALE,train
PC-003,2025-06-08,11,SALE,train
PC-003,2025-06-15,28,RESTOCK,train
PC-003,2025-06-15,7,SALE,train
PC-003,2025-06-16,7,SALE,train
PC-003,2025-06-17,13,SALE,train
PC-003,2025-06-18,1,SALE,train
PC-003,2025-06-26,28,RESTOCK,train
PC-003,2025-06-26,7,SALE,train
PC-003,2025-06-27,3,SALE,train
PC-003,2025-06-28,11,SALE,train
PC-003,2025-06-29,7,SALE,train
PC-003,2025-07-04,28,RESTOCK,train
PC-003,2025-07-04,8,SALE,train
PC-003,2025-07-05,8,SALE,train
PC-003,2025-07-06,7,SALE,train
PC-003,2025-07-07,5,SALE,train
PC-003,2025-07-12,28,RESTOCK,train
PC-003,2025-07-12,15,SALE,train
PC-003,2025-07-13,6,SALE,train
PC-003,2025-07-14,7,SALE,train
PC-003,2025-07-19,28,RESTOCK,train
PC-003,2025-07-19,12,SALE,train
PC-003,2025-07-20,6,SALE,train
PC-003,2025-07-21,3,SALE,train
PC-003,2025-07-22,6,SALE,train
PC-003,2025-07-23,1,SALE,train
PC-003,2025-07-26,28,RESTOCK,train
PC-003,2025-07-26,12,SALE,train
PC-003,2025-07-27,4,SALE,train
PC-003,2025-07-28,7,SALE,train
PC-003,2025-07-29,5,SALE,train
PC-003,2025-08-02,28,RESTOCK,train
PC-003,2025-08-02,7,SALE,train
PC-003,2025-08-03,8,SALE,train
PC-003,2025-08-04,8,SALE,train
PC-003,2025-08-05,5,SALE,train
PC-003,2025-08-10,28,RESTOCK,train
PC-003,2025-08-10,8,SALE,train
PC-003,2025-08-11,7,SALE,train
PC-003,2025-08-12,12,SALE,train
PC-003,2025-08-13,1,SALE,train
PC-003,2025-08-18,28,RESTOCK,train
PC-003,2025-08-18,10,SALE,train
PC-003,2025-08-19,1,SALE,train
PC-003,2025-08-20,2,SALE,train
PC-003,2025-08-21,4,SALE,train
PC-003,2025-08-22,1,SALE,train
PC-003,2025-08-24,1,SALE,train
PC-003,2025-08-25,28,RESTOCK,train
PC-003,2025-08-25,3,SALE,train
PC-003,2025-08-26,3,SALE,train
PC-003,2025-08-27,2,SALE,train
PC-003,2025-08-28,3,SALE,train
PC-003,2025-08-29,3,SALE,train
PC-003,2025-08-30,3,SALE,train
PC-003,2025-08-31,2,SALE,train
PC-003,2025-09-02,1,SALE,train
PC-003,2025-09-03,2,SALE,train
PC-003,2025-09-04,2,SALE,train
PC-003,2025-09-05,2,SALE,train
PC-003,2025-09-06,3,SALE,train
PC-003,2025-09-07,28,RESTOCK,train
PC-003,2025-09-07,3,SALE,train
PC-003,2025-09-08,2,SALE,train
PC-003,2025-09-09,3,SALE,train
PC-003,2025-09-10,2,SALE,train
PC-003,2025-09-11,2,SALE,train
PC-003,2025-09-13,2,SALE,train
PC-003,2025-09-14,4,SALE,train
PC-003,2025-09-15,1,SALE,train
PC-003,2025-09-16,2,SALE,train
PC-003,2025-09-17,2,SALE,train
PC-003,2025-09-18,2,SALE,train
PC-003,2025-09-19,3,SALE,train
PC-003,2025-09-20,2,SALE,train
PC-003,2025-09-21,1,SALE,train
PC-003,2025-09-22,3,SALE,train
PC-003,2025-09-23,28,RESTOCK,train
PC-003,2025-09-23,3,SALE,train
PC-003,2025-09-25,2,SALE,train
PC-003,2025-09-26,1,SALE,train
PC-003,2025-09-27,1,SALE,train
PC-003,2025-09-28,1,SALE,holdout
PC-003,2025-09-30,2,SALE,holdout
PC-003,2025-10-01,1,SALE,holdout
PC-003,2025-10-02,3,SALE,holdout
PC-003,2025-10-03,1,SALE,holdout
PC-003,2025-10-04,2,SALE,holdout
PC-003,2025-10-05,1,SALE,holdout
PC-003,2025-10-06,2,SALE,holdout
PC-003,2025-10-07,2,SALE,holdout
PC-003,2025-10-08,2,SALE,holdout
PC-003,2025-10-09,3,SALE,holdout
PC-003,2025-10-10,28,RESTOCK,holdout
PC-003,2025-10-10,2,SALE,holdout
PC-003,2025-10-11,2,SALE,holdout
PC-003,2025-10-12,2,SALE,holdout
PC-003,2025-10-13,2,SALE,holdout
PC-003,2025-10-14,2,SALE,holdout
PC-003,2025-10-15,2,SALE,holdout
PC-003,2025-10-16,1,SALE,holdout
PC-003,2025-10-17,2,SALE,holdout
PC-003,2025-10-18,2,SALE,holdout
PC-003,2025-10-19,1,SALE,holdout
PC-003,2025-10-20,1,SALE,holdout
PC-003,2025-10-21,3,SALE,holdout
PC-003,2025-10-22,2,SALE,holdout
PC-003,2025-10-23,28,RESTOCK,holdout
PC-003,2025-10-23,2,SALE,holdout
PC-003,2025-10-24,1,SALE,holdout
PC-003,2025-10-25,1,SALE,holdout
PC-003,2025-10-26,3,SALE,holdout
PC-003,2025-10-27,2,SALE,holdout
PC-004,2025-01-01,4,SALE,train
PC-004,2025-01-02,6,SALE,train
PC-004,2025-01-03,6,SALE,train
PC-004,2025-01-04,4,SALE,train
PC-004,2025-01-05,5,SALE,train
PC-004,2025-01-06,3,SALE,train
PC-004,2025-01-07,4,SALE,train
PC-004,2025-01-08,6,SALE,train
PC-004,2025-01-09,3,SALE,train
PC-004,2025-01-10,6,SALE,train
PC-004,2025-01-11,5,SALE,train
PC-004,2025-01-12,56,RESTOCK,train
PC-004,2025-01-13,3,SALE,train
PC-004,2025-01-14,4,SALE,train
PC-004,2025-01-15,5,SALE,train
PC-004,2025-01-16,3,SALE,train
PC-004,2025-01-17,4,SALE,train
PC-004,2025-01-18,5,SALE,train
PC-004,2025-01-19,3,SALE,train
PC-004,2025-01-20,3,SALE,train
PC-004,2025-01-21,2,SALE,train
PC-004,2025-01-22,4,SALE,train
PC-004,2025-01-23,5,SALE,train
PC-004,2025-01-24,3,SALE,train
PC-004,2025-01-25,4,SALE,train
PC-004,2025-01-26,4,SALE,train
PC-004,2025-01-27,56,RESTOCK,train
PC-004,2025-01-27,3,SALE,train
PC-004,2025-01-28,5,SALE,train
PC-004,2025-01-29,6,SALE,train
PC-004,2025-01-30,5,SALE,train
PC-004,2025-01-31,3,SALE,train
PC-004,2025-02-01,6,SALE,train
PC-004,2025-02-03,3,SALE,train
PC-004,2025-02-04,3,SALE,train
PC-004,2025-02-05,5,SALE,train
PC-004,2025-02-06,4,SALE,train
PC-004,2025-02-07,3,SALE,train
PC-004,2025-02-08,4,SALE,train
PC-004,2025-02-09,4,SALE,train
PC-004,2025-02-10,56,RESTOCK,train
PC-004,2025-02-10,3,SALE,train
PC-004,2025-02-11,5,SALE,train
PC-004,2025-02-12,5,SALE,train
PC-004,2025-02-13,5,SALE,train
PC-004,2025-02-14,5,SALE,train
PC-004,2025-02-15,3,SALE,train
PC-004,2025-02-16,3,SALE,train
PC-004,2025-02-17,6,SALE,train
PC-004,2025-02-18,4,SALE,train
PC-004,2025-02-19,2,SALE,train
PC-004,2025-02-20,4,SALE,train
PC-004,2025-02-21,5,SALE,train
PC-004,2025-02-22,5,SALE,train
PC-004,2025-02-23,3,SALE,train
PC-004,2025-02-24,6,SALE,train
PC-004,2025-02-25,1,SALE,train
PC-004,2025-02-26,56,RESTOCK,train
PC-004,2025-02-26,4,SALE,train
PC-004,2025-02-27,6,SALE,train
PC-004,2025-02-28,5,SALE,train
PC-004,2025-03-01,5,SALE,train
PC-004,2025-03-02,3,SALE,train
PC-004,2025-03-03,4,SALE,train
PC-004,2025-03-04,4,SALE,train
PC-004,2025-03-05,3,SALE,train
PC-004,2025-03-06,5,SALE,train
PC-004,2025-03-07,3,SALE,train
PC-004,2025-03-08,3,SALE,train
PC-004,2025-03-09,5,SALE,train
PC-004,2025-03-10,56,RESTOCK,train
PC-004,2025-03-10,4,SALE,train
PC-004,2025-03-11,4,SALE,train
PC-004,2025-03-12,4,SALE,train
PC-004,2025-03-13,6,SALE,train
PC-004,2025-03-14,3,SALE,train
PC-004,2025-03-15,3,SALE,train
PC-004,2025-03-16,5,SALE,train
PC-004,2025-03-17,3,SALE,train
PC-004,2025-03-18,3,SALE,train
PC-004,2025-03-19,4,SALE,train
PC-004,2025-03-20,5,SALE,train
PC-004,2025-03-21,5,SALE,train
PC-004,2025-03-22,4,SALE,train
PC-004,2025-03-23,3,SALE,train
PC-004,2025-03-24,56,RESTOCK,train
PC-004,2025-03-24,4,SALE,train
PC-004,2025-03-25,5,SALE,train
PC-004,2025-03-26,4,SALE,train
PC-004,2025-03-27,5,SALE,train
PC-004,2025-03-28,3,SALE,train
PC-004,2025-03-29,3,SALE,train
PC-004,2025-03-30,5,SALE,train
PC-004,2025-03-31,2,SALE,train
PC-004,2025-04-01,3,SALE,train
PC-004,2025-04-02,3,SALE,train
PC-004,2025-04-04,4,SALE,train
PC-004,2025-04-05,5,SALE,train
PC-004,2025-04-06,4,SALE,train
PC-004,2025-04-07,56,RESTOCK,train
PC-004,2025-04-07,5,SALE,train
PC-004,2025-04-08,5,SALE,train
PC-004,2025-04-09,4,SALE,train
PC-004,2025-04-10,7,SALE,train
PC-004,2025-04-11,4,SALE,train
PC-004,2025-04-12,4,SALE,train
PC-004,2025-04-13,3,SALE,train
PC-004,2025-04-14,5,SALE,train
PC-004,2025-04-15,4,SALE,train
PC-004,2025-04-16,4,SALE,train
PC-004,2025-04-17,4,SALE,train
PC-004,2025-04-18,4,SALE,train
PC-004,2025-04-19,4,SALE,train
PC-004,2025-04-20,3,SALE,train
PC-004,2025-04-21,56,RESTOCK,train
PC-004,2025-04-21,4,SALE,train
PC-004,2025-04-22,5,SALE,train
PC-004,2025-04-23,4,SALE,train
PC-004,2025-04-24,4,SALE,train
PC-004,2025-04-25,3,SALE,train
PC-004,2025-04-26,3,SALE,train
PC-004,2025-04-27,3,SALE,train
PC-004,2025-04-28,6,SALE,train
PC-004,2025-04-29,6,SALE,train
PC-004,2025-04-30,5,SALE,train
PC-004,2025-05-01,7,SALE,train
PC-004,2025-05-02,5,SALE,train
PC-004,2025-05-03,4,SALE,train
PC-004,2025-05-04,56,RESTOCK,train
PC-004,2025-05-04,4,SALE,train
PC-004,2025-05-05,6,SALE,train
PC-004,2025-05-06,3,SALE,train
PC-004,2025-05-07,3,SALE,train
PC-004,2025-05-08,4,SALE,train
PC-004,2025-05-09,3,SALE,train
PC-004,2025-05-10,1,SALE,train
PC-004,2025-05-11,3,SALE,train
PC-004,2025-05-12,4,SALE,train
PC-004,2025-05-13,4,SALE,train
PC-004,2025-05-14,4,SALE,train
PC-004,2025-05-15,6,SALE,train
PC-004,2025-05-16,4,SALE,train
PC-004,2025-05-17,4,SALE,train
PC-004,2025-05-18,56,RESTOCK,train
PC-004,2025-05-18,2,SALE,train
PC-004,2025-05-19,4,SALE,train
PC-004,2025-05-20,4,SALE,train
PC-004,2025-05-21,2,SALE,train
PC-004,2025-05-22,3,SALE,train
PC-004,2025-05-23,5,SALE,train
PC-004,2025-05-24,3,SALE,train
PC-004,2025-05-26,5,SALE,train
PC-004,2025-05-27,6,SALE,train
PC-004,2025-05-28,4,SALE,train
PC-004,2025-05-29,6,SALE,train
PC-004,2025-05-30,2,SALE,train
PC-004,2025-05-31,4,SALE,train
PC-004,2025-06-01,4,SALE,train
PC-004,2025-06-02,3,SALE,train
PC-004,2025-06-03,56,RESTOCK,train
PC-004,2025-06-03,5,SALE,train
PC-004,2025-06-04,4,SALE,train
PC-004,2025-06-05,2,SALE,train
PC-004,2025-06-06,2,SALE,train
PC-004,2025-06-07,5,SALE,train
PC-004,2025-06-08,2,SALE,train
PC-004,2025-06-10,4,SALE,train
PC-004,2025-06-11,4,SALE,train
PC-004,2025-06-12,4,SALE,train
PC-004,2025-06-13,5,SALE,train
PC-004,2025-06-14,3,SALE,train
PC-004,2025-06-15,4,SALE,train
PC-004,2025-06-16,3,SALE,train
PC-004,2025-06-17,4,SALE,train
PC-004,2025-06-18,56,RESTOCK,train
PC-004,2025-06-18,5,SALE,train
PC-004,2025-06-19,4,SALE,train
PC-004,2025-06-20,5,SALE,train
PC-004,2025-06-21,3,SALE,train
PC-004,2025-06-22,4,SALE,train
PC-004,2025-06-23,4,SALE,train
PC-004,2025-06-24,4,SALE,train
PC-004,2025-06-25,3,SALE,train
PC-004,2025-06-26,3,SALE,train
PC-004,2025-06-27,3,SALE,train
PC-004,2025-06-28,2,SALE,train
PC-004,2025-06-29,3,SALE,train
PC-004,2025-06-30,5,SALE,train
PC-004,2025-07-01,4,SALE,train
PC-004,2025-07-02,2,SALE,train
PC-004,2025-07-03,4,SALE,train
PC-004,2025-07-04,56,RESTOCK,train
PC-004,2025-07-04,5,SALE,train
PC-004,2025-07-05,3,SALE,train
PC-004,2025-07-06,2,SALE,train
PC-004,2025-07-07,7,SALE,train
PC-004,2025-07-08,4,SALE,train
PC-004,2025-07-09,3,SALE,train
PC-004,2025-07-10,4,SALE,train
PC-004,2025-07-11,4,SALE,train
PC-004,2025-07-12,2,SALE,train
PC-004,2025-07-13,4,SALE,train
PC-004,2025-07-14,5,SALE,train
PC-004,2025-07-15,4,SALE,train
PC-004,2025-07-16,2,SALE,train
PC-004,2025-07-17,4,SALE,train
PC-004,2025-07-18,5,SALE,train
PC-004,2025-07-19,56,RESTOCK,train
PC-004,2025-07-19,3,SALE,train
PC-004,2025-07-20,3,SALE,train
PC-004,2025-07-21,7,SALE,train
PC-004,2025-07-22,3,SALE,train
PC-004,2025-07-23,3,SALE,train
PC-004,2025-07-24,4,SALE,train
PC-004,2025-07-25,5,SALE,train
PC-004,2025-07-26,5,SALE,train
PC-004,2025-07-28,3,SALE,train
PC-004,2025-07-29,5,SALE,train
PC-004,2025-07-30,4,SALE,train
PC-004,2025-07-31,3,SALE,train
PC-004,2025-08-01,5,SALE,train
PC-004,2025-08-02,5,SALE,train
PC-004,2025-08-03,4,SALE,train
PC-004,2025-08-04,2,SALE,train
PC-004,2025-08-05,56,RESTOCK,train
PC-004,2025-08-05,6,SALE,train
PC-004,2025-08-06,3,SALE,train
PC-004,2025-08-07,5,SALE,train
PC-004,2025-08-08,6,SALE,train
PC-004,2025-08-09,5,SALE,train
PC-004,2025-08-10,3,SALE,train
PC-004,2025-08-11,4,SALE,train
PC-004,2025-08-12,6,SALE,train
PC-004,2025-08-13,3,SALE,train
PC-004,2025-08-14,4,SALE,train
PC-004,2025-08-15,4,SALE,train
PC-004,2025-08-16,3,SALE,train
PC-004,2025-08-17,4,SALE,train
PC-004,2025-08-18,56,RESTOCK,train
PC-004,2025-08-18,4,SALE,train
PC-004,2025-08-19,5,SALE,train
PC-004,2025-08-20,5,SALE,train
PC-004,2025-08-21,2,SALE,train
PC-004,2025-08-22,4,SALE,train
PC-004,2025-08-23,4,SALE,train
PC-004,2025-08-24,4,SALE,train
PC-004,2025-08-25,4,SALE,train
PC-004,2025-08-26,3,SALE,train
PC-004,2025-08-27,6,SALE,train
PC-004,2025-08-28,6,SALE,train
PC-004,2025-08-29,5,SALE,train
PC-004,2025-08-30,56,RESTOCK,train
PC-004,2025-08-30,5,SALE,train
PC-004,2025-08-31,4,SALE,train
PC-004,2025-09-01,5,SALE,train
PC-004,2025-09-02,1,SALE,train
PC-004,2025-09-03,4,SALE,train
PC-004,2025-09-04,3,SALE,train
PC-004,2025-09-05,4,SALE,train
PC-004,2025-09-06,5,SALE,train
PC-004,2025-09-07,4,SALE,train
PC-004,2025-09-08,4,SALE,train
PC-004,2025-09-09,2,SALE,train
PC-004,2025-09-10,4,SALE,train
PC-004,2025-09-11,5,SALE,train
PC-004,2025-09-12,56,RESTOCK,train
PC-004,2025-09-12,3,SALE,train
PC-004,2025-09-13,2,SALE,train
PC-004,2025-09-14,7,SALE,train
PC-004,2025-09-15,4,SALE,train
PC-004,2025-09-16,4,SALE,train
PC-004,2025-09-17,6,SALE,train
PC-004,2025-09-18,4,SALE,train
PC-004,2025-09-19,6,SALE,train
PC-004,2025-09-20,5,SALE,train
PC-004,2025-09-21,2,SALE,train
PC-004,2025-09-22,5,SALE,train
PC-004,2025-09-23,6,SALE,train
PC-004,2025-09-24,3,SALE,train
PC-004,2025-09-25,56,RESTOCK,train
PC-004,2025-09-25,3,SALE,train
PC-004,2025-09-26,3,SALE,train
PC-004,2025-09-27,5,SALE,train
PC-004,2025-09-28,4,SALE,holdout
PC-004,2025-09-29,2,SALE,holdout
PC-004,2025-09-30,4,SALE,holdout
PC-004,2025-10-01,4,SALE,holdout
PC-004,2025-10-02,4,SALE,holdout
PC-004,2025-10-03,3,SALE,holdout
PC-004,2025-10-04,4,SALE,holdout
PC-004,2025-10-05,5,SALE,holdout
PC-004,2025-10-06,3,SALE,holdout
PC-004,2025-10-07,2,SALE,holdout
PC-004,2025-10-08,4,SALE,holdout
PC-004,2025-10-09,5,SALE,holdout
PC-004,2025-10-10,56,RESTOCK,holdout
PC-004,2025-10-10,3,SALE,holdout
PC-004,2025-10-11,2,SALE,holdout
PC-004,2025-10-12,5,SALE,holdout
PC-004,2025-10-13,6,SALE,holdout
PC-004,2025-10-14,4,SALE,holdout
PC-004,2025-10-15,2,SALE,holdout
PC-004,2025-10-16,4,SALE,holdout
PC-004,2025-10-17,4,SALE,holdout
PC-004,2025-10-18,3,SALE,holdout
PC-004,2025-10-19,5,SALE,holdout
PC-004,2025-10-20,3,SALE,holdout
PC-004,2025-10-21,4,SALE,holdout
PC-004,2025-10-22,4,SALE,holdout
PC-004,2025-10-23,5,SALE,holdout
PC-004,2025-10-24,4,SALE,holdout
PC-004,2025-10-25,56,RESTOCK,holdout
PC-004,2025-10-25,4,SALE,holdout
PC-004,2025-10-26,3,SALE,holdout
PC-004,2025-10-27,4,SALE,holdout
SNK-001,2025-01-01,24,SALE,train
SNK-001,2025-01-02,17,SALE,train
SNK-001,2025-01-03,34,SALE,train
SNK-001,2025-01-04,21,SALE,train
SNK-001,2025-01-05,18,SALE,train
SNK-001,2025-01-06,29,SALE,train
SNK-001,2025-01-07,7,SALE,train
SNK-001,2025-01-09,252,RESTOCK,train
SNK-001,2025-01-09,16,SALE,train
SNK-001,2025-01-10,29,SALE,train
SNK-001,2025-01-11,31,SALE,train
SNK-001,2025-01-12,20,SALE,train
SNK-001,2025-01-13,12,SALE,train
SNK-001,2025-01-14,22,SALE,train
SNK-001,2025-01-15,12,SALE,train
SNK-001,2025-01-16,27,SALE,train
SNK-001,2025-01-17,22,SALE,train
SNK-001,2025-01-18,31,SALE,train
SNK-001,2025-01-19,23,SALE,train
SNK-001,2025-01-20,252,RESTOCK,train
SNK-001,2025-01-20,17,SALE,train
SNK-001,2025-01-21,20,SALE,train
SNK-001,2025-01-22,26,SALE,train
SNK-001,2025-01-23,21,SALE,train
SNK-001,2025-01-24,32,SALE,train
SNK-001,2025-01-25,14,SALE,train
SNK-001,2025-01-26,13,SALE,train
SNK-001,2025-01-27,24,SALE,train
SNK-001,2025-01-28,21,SALE,train
SNK-001,2025-01-29,22,SALE,train
SNK-001,2025-01-30,21,SALE,train
SNK-001,2025-01-31,252,RESTOCK,train
SNK-001,2025-01-31,40,SALE,train
SNK-001,2025-02-01,27,SALE,train
SNK-001,2025-02-02,19,SALE,train
SNK-001,2025-02-03,12,SALE,train
SNK-001,2025-02-04,11,SALE,train
SNK-001,2025-02-05,9,SALE,train
SNK-001,2025-02-06,13,SALE,train
SNK-001,2025-02-07,42,SALE,train
SNK-001,2025-02-08,15,SALE,train
SNK-001,2025-02-09,16,SALE,train
SNK-001,2025-02-10,11,SALE,train
SNK-001,2025-02-11,15,SALE,train
SNK-001,2025-02-12,252,RESTOCK,train
SNK-001,2025-02-12,19,SALE,train
SNK-001,2025-02-13,14,SALE,train
SNK-001,2025-02-14,38,SALE,train
SNK-001,2025-02-15,42,SALE,train
SNK-001,2025-02-16,6,SALE,train
SNK-001,2025-02-17,14,SALE,train
SNK-001,2025-02-18,18,SALE,train
SNK-001,2025-02-19,24,SALE,train
SNK-001,2025-02-20,16,SALE,train
SNK-001,2025-02-21,29,SALE,train
SNK-001,2025-02-22,19,SALE,train
SNK-001,2025-02-23,10,SALE,train
SNK-001,2025-02-24,26,SALE,train
SNK-001,2025-02-25,252,RESTOCK,train
SNK-001,2025-02-25,8,SALE,train
SNK-001,2025-02-26,31,SALE,train
SNK-001,2025-02-27,22,SALE,train
SNK-001,2025-02-28,35,SALE,train
SNK-001,2025-03-01,34,SALE,train
SNK-001,2025-03-02,17,SALE,train
SNK-001,2025-03-03,20,SALE,train
SNK-001,2025-03-04,17,SALE,train
SNK-001,2025-03-05,21,SALE,train
SNK-001,2025-03-06,18,SALE,train
SNK-001,2025-03-07,21,SALE,train
SNK-001,2025-03-08,21,SALE,train
SNK-001,2025-03-09,252,RESTOCK,train
SNK-001,2025-03-09,13,SALE,train
SNK-001,2025-03-10,23,SALE,train
SNK-001,2025-03-11,15,SALE,train
SNK-001,2025-03-12,8,SALE,train
SNK-001,2025-03-13,20,SALE,train
SNK-001,2025-03-14,42,SALE,train
SNK-001,2025-03-16,15,SALE,train
SNK-001,2025-03-17,9,SALE,train
SNK-001,2025-03-18,17,SALE,train
SNK-001,2025-03-19,17,SALE,train
SNK-001,2025-03-20,13,SALE,train
SNK-001,2025-03-21,34,SALE,train
SNK-001,2025-03-22,40,SALE,train
SNK-001,2025-03-25,252,RESTOCK,train
SNK-001,2025-03-25,13,SALE,train
SNK-001,2025-03-26,26,SALE,train
SNK-001,2025-03-27,18,SALE,train
SNK-001,2025-03-28,24,SALE,train
SNK-001,2025-03-29,29,SALE,train
SNK-001,2025-03-31,19,SALE,train
SNK-001,2025-04-01,25,SALE,train
SNK-001,2025-04-02,20,SALE,train
SNK-001,2025-04-03,16,SALE,train
SNK-001,2025-04-04,32,SALE,train
SNK-001,2025-04-05,30,SALE,train
SNK-001,2025-04-07,252,RESTOCK,train
SNK-001,2025-04-07,24,SALE,train
SNK-001,2025-04-08,16,SALE,train
SNK-001,2025-04-09,17,SALE,train
SNK-001,2025-04-10,22,SALE,train
SNK-001,2025-04-11,35,SALE,train
SNK-001,2025-04-12,23,SALE,train
SNK-001,2025-04-13,22,SALE,train
SNK-001,2025-04-14,15,SALE,train
SNK-001,2025-04-15,28,SALE,train
SNK-001,2025-04-16,14,SALE,train
SNK-001,2025-04-17,252,RESTOCK,train
SNK-001,2025-04-17,19,SALE,train
SNK-001,2025-04-18,22,SALE,train
SNK-001,2025-04-20,11,SALE,train
SNK-001,2025-04-21,21,SALE,train
SNK-001,2025-04-22,14,SALE,train
SNK-001,2025-04-23,16,SALE,train
SNK-001,2025-04-24,20,SALE,train
SNK-001,2025-04-25,39,SALE,train
SNK-001,2025-04-26,43,SALE,train
SNK-001,2025-04-27,10,SALE,train
SNK-001,2025-04-28,19,SALE,train
SNK-001,2025-04-29,26,SALE,train
SNK-001,2025-04-30,9,SALE,train
SNK-001,2025-05-01,19,SALE,train
SNK-001,2025-05-03,252,RESTOCK,train
SNK-001,2025-05-03,32,SALE,train
SNK-001,2025-05-04,14,SALE,train
SNK-001,2025-05-05,10,SALE,train
SNK-001,2025-05-06,8,SALE,train
SNK-001,2025-05-07,23,SALE,train
SNK-001,2025-05-08,24,SALE,train
SNK-001,2025-05-09,31,SALE,train
SNK-001,2025-05-10,24,SALE,train
SNK-001,2025-05-11,9,SALE,train
SNK-001,2025-05-12,21,SALE,train
SNK-001,2025-05-13,12,SALE,train
SNK-001,2025-05-14,252,RESTOCK,train
SNK-001,2025-05-14,14,SALE,train
SNK-001,2025-05-15,15,SALE,train
SNK-001,2025-05-16,27,SALE,train
SNK-001,2025-05-17,22,SALE,train
SNK-001,2025-05-18,18,SALE,train
SNK-001,2025-05-19,15,SALE,train
SNK-001,2025-05-20,22,SALE,train
SNK-001,2025-05-21,24,SALE,train
SNK-001,2025-05-22,19,SALE,train
SNK-001,2025-05-23,33,SALE,train
SNK-001,2025-05-24,47,SALE,train
SNK-001,2025-05-25,12,SALE,train
SNK-001,2025-05-26,11,SALE,train
SNK-001,2025-05-27,17,SALE,train
SNK-001,2025-05-30,252,RESTOCK,train
SNK-001,2025-05-30,44,SALE,train
SNK-001,2025-05-31,30,SALE,train
SNK-001,2025-06-01,14,SALE,train
SNK-001,2025-06-02,13,SALE,train
SNK-001,2025-06-03,21,SALE,train
SNK-001,2025-06-04,13,SALE,train
SNK-001,2025-06-05,18,SALE,train
SNK-001,2025-06-06,42,SALE,train
SNK-001,2025-06-07,26,SALE,train
SNK-001,2025-06-08,25,SALE,train
SNK-001,2025-06-09,6,SALE,train
SNK-001,2025-06-10,252,RESTOCK,train
SNK-001,2025-06-10,15,SALE,train
SNK-001,2025-06-11,10,SALE,train
SNK-001,2025-06-12,18,SALE,train
SNK-001,2025-06-13,36,SALE,train
SNK-001,2025-06-14,29,SALE,train
SNK-001,2025-06-15,25,SALE,train
SNK-001,2025-06-16,14,SALE,train
SNK-001,2025-06-17,19,SALE,train
SNK-001,2025-06-18,15,SALE,train
SNK-001,2025-06-19,20,SALE,train
SNK-001,2025-06-20,33,SALE,train
SNK-001,2025-06-21,252,RESTOCK,train
SNK-001,2025-06-21,34,SALE,train
SNK-001,2025-06-22,12,SALE,train
SNK-001,2025-06-23,13,SALE,train
SNK-001,2025-06-24,14,SALE,train
SNK-001,2025-06-25,17,SALE,train
SNK-001,2025-06-26,18,SALE,train
SNK-001,2025-06-27,35,SALE,train
SNK-001,2025-06-28,21,SALE,train
SNK-001,2025-06-29,9,SALE,train
SNK-001,2025-06-30,30,SALE,train
SNK-001,2025-07-01,12,SALE,train
SNK-001,2025-07-02,23,SALE,train
SNK-001,2025-07-03,18,SALE,train
SNK-001,2025-07-04,252,RESTOCK,train
SNK-001,2025-07-04,31,SALE,train
SNK-001,2025-07-05,29,SALE,train
SNK-001,2025-07-06,16,SALE,train
SNK-001,2025-07-07,21,SALE,train
SNK-001,2025-07-08,16,SALE,train
SNK-001,2025-07-09,24,SALE,train
SNK-001,2025-07-10,21,SALE,train
SNK-001,2025-07-11,34,SALE,train
SNK-001,2025-07-12,24,SALE,train
SNK-001,2025-07-13,17,SALE,train
SNK-001,2025-07-14,12,SALE,train
SNK-001,2025-07-15,16,SALE,train
SNK-001,2025-07-16,5,SALE,train
SNK-001,2025-07-17,252,RESTOCK,train
SNK-001,2025-07-17,25,SALE,train
SNK-001,2025-07-18,29,SALE,train
SNK-001,2025-07-19,30,SALE,train
SNK-001,2025-07-20,17,SALE,train
SNK-001,2025-07-21,19,SALE,train
SNK-001,2025-07-22,31,SALE,train
SNK-001,2025-07-23,16,SALE,train
SNK-001,2025-07-24,14,SALE,train
SNK-001,2025-07-25,33,SALE,train
SNK-001,2025-07-26,7,SALE,train
SNK-001,2025-07-27,252,RESTOCK,train
SNK-001,2025-07-27,18,SALE,train
SNK-001,2025-07-28,16,SALE,train
SNK-001,2025-07-29,13,SALE,train
SNK-001,2025-07-30,21,SALE,train
SNK-001,2025-07-31,18,SALE,train
SNK-001,2025-08-01,13,SALE,train
SNK-001,2025-08-02,23,SALE,train
SNK-001,2025-08-03,2,SALE,train
SNK-001,2025-08-04,20,SALE,train
SNK-001,2025-08-05,20,SALE,train
SNK-001,2025-08-06,14,SALE,train
SNK-001,2025-08-07,21,SALE,train
SNK-001,2025-08-08,18,SALE,train
SNK-001,2025-08-09,20,SALE,train
SNK-001,2025-08-10,20,SALE,train
SNK-001,2025-08-11,252,RESTOCK,train
SNK-001,2025-08-11,14,SALE,train
SNK-001,2025-08-12,18,SALE,train
SNK-001,2025-08-13,15,SALE,train
SNK-001,2025-08-14,16,SALE,train
SNK-001,2025-08-15,26,SALE,train
SNK-001,2025-08-16,23,SALE,train
SNK-001,2025-08-17,20,SALE,train
SNK-001,2025-08-18,15,SALE,train
SNK-001,2025-08-19,18,SALE,train
SNK-001,2025-08-20,14,SALE,train
SNK-001,2025-08-21,10,SALE,train
SNK-001,2025-08-22,37,SALE,train
SNK-001,2025-08-23,33,SALE,train
SNK-001,2025-08-24,19,SALE,train
SNK-001,2025-08-25,252,RESTOCK,train
SNK-001,2025-08-25,12,SALE,train
SNK-001,2025-08-26,17,SALE,train
SNK-001,2025-08-27,17,SALE,train
SNK-001,2025-08-28,23,SALE,train
SNK-001,2025-08-29,24,SALE,train
SNK-001,2025-08-30,19,SALE,train
SNK-001,2025-08-31,25,SALE,train
SNK-001,2025-09-01,16,SALE,train
SNK-001,2025-09-02,23,SALE,train
SNK-001,2025-09-03,22,SALE,train
SNK-001,2025-09-04,18,SALE,train
SNK-001,2025-09-05,27,SALE,train
SNK-001,2025-09-06,252,RESTOCK,train
SNK-001,2025-09-06,25,SALE,train
SNK-001,2025-09-07,18,SALE,train
SNK-001,2025-09-08,23,SALE,train
SNK-001,2025-09-09,14,SALE,train
SNK-001,2025-09-10,19,SALE,train
SNK-001,2025-09-11,12,SALE,train
SNK-001,2025-09-12,20,SALE,train
SNK-001,2025-09-13,29,SALE,train
SNK-001,2025-09-14,7,SALE,train
SNK-001,2025-09-15,29,SALE,train
SNK-001,2025-09-16,12,SALE,train
SNK-001,2025-09-17,18,SALE,train
SNK-001,2025-09-18,252,RESTOCK,train
SNK-001,2025-09-18,24,SALE,train
SNK-001,2025-09-19,21,SALE,train
SNK-001,2025-09-20,9,SALE,train
SNK-001,2025-09-21,16,SALE,train
SNK-001,2025-09-22,13,SALE,train
SNK-001,2025-09-23,6,SALE,train
SNK-001,2025-09-24,20,SALE,train
SNK-001,2025-09-25,19,SALE,train
SNK-001,2025-09-26,39,SALE,train
SNK-001,2025-09-27,19,SALE,train
SNK-001,2025-09-28,9,SALE,holdout
SNK-001,2025-09-29,16,SALE,holdout
SNK-001,2025-09-30,18,SALE,holdout
SNK-001,2025-10-01,23,SALE,holdout
SNK-001,2025-10-02,26,SALE,holdout
SNK-001,2025-10-03,252,RESTOCK,holdout
SNK-001,2025-10-03,39,SALE,holdout
SNK-001,2025-10-04,31,SALE,holdout
SNK-001,2025-10-05,22,SALE,holdout
SNK-001,2025-10-06,15,SALE,holdout
SNK-001,2025-10-07,19,SALE,holdout
SNK-001,2025-10-08,12,SALE,holdout
SNK-001,2025-10-09,18,SALE,holdout
SNK-001,2025-10-10,30,SALE,holdout
SNK-001,2025-10-11,44,SALE,holdout
SNK-001,2025-10-12,17,SALE,holdout
SNK-001,2025-10-13,14,SALE,holdout
SNK-001,2025-10-16,252,RESTOCK,holdout
SNK-001,2025-10-16,14,SALE,holdout
SNK-001,2025-10-17,40,SALE,holdout
SNK-001,2025-10-18,20,SALE,holdout
SNK-001,2025-10-19,11,SALE,holdout
SNK-001,2025-10-20,22,SALE,holdout
SNK-001,2025-10-21,24,SALE,holdout
SNK-001,2025-10-22,16,SALE,holdout
SNK-001,2025-10-23,16,SALE,holdout
SNK-001,2025-10-24,31,SALE,holdout
SNK-001,2025-10-25,23,SALE,holdout
SNK-001,2025-10-26,14,SALE,holdout
SNK-001,2025-10-27,252,RESTOCK,holdout
SNK-001,2025-10-27,23,SALE,holdout
SNK-002,2025-01-01,15,SALE,train
SNK-002,2025-01-02,23,SALE,train
SNK-002,2025-01-03,22,SALE,train
SNK-002,2025-01-05,30,SALE,train
SNK-002,2025-01-06,22,SALE,train
SNK-002,2025-01-07,18,SALE,train
SNK-002,2025-01-08,280,RESTOCK,train
SNK-002,2025-01-08,9,SALE,train
SNK-002,2025-01-10,27,SALE,train
SNK-002,2025-01-11,19,SALE,train
SNK-002,2025-01-12,7,SALE,train
SNK-002,2025-01-13,17,SALE,train
SNK-002,2025-01-14,26,SALE,train
SNK-002,2025-01-15,23,SALE,train
SNK-002,2025-01-16,15,SALE,train
SNK-002,2025-01-17,17,SALE,train
SNK-002,2025-01-18,18,SALE,train
SNK-002,2025-01-19,16,SALE,train
SNK-002,2025-01-20,9,SALE,train
SNK-002,2025-01-21,24,SALE,train
SNK-002,2025-01-22,27,SALE,train
SNK-002,2025-01-23,11,SALE,train
SNK-002,2025-01-24,27,SALE,train
SNK-002,2025-01-25,18,SALE,train
SNK-002,2025-01-26,280,RESTOCK,train
SNK-002,2025-01-26,27,SALE,train
SNK-002,2025-01-27,20,SALE,train
SNK-002,2025-01-28,21,SALE,train
SNK-002,2025-01-29,22,SALE,train
SNK-002,2025-01-30,16,SALE,train
SNK-002,2025-01-31,27,SALE,train
SNK-002,2025-02-01,14,SALE,train
SNK-002,2025-02-02,18,SALE,train
SNK-002,2025-02-03,23,SALE,train
SNK-002,2025-02-04,17,SALE,train
SNK-002,2025-02-05,24,SALE,train
SNK-002,2025-02-06,28,SALE,train
SNK-002,2025-02-07,280,RESTOCK,train
SNK-002,2025-02-07,26,SALE,train
SNK-002,2025-02-08,9,SALE,train
SNK-002,2025-02-09,21,SALE,train
SNK-002,2025-02-10,26,SALE,train
SNK-002,2025-02-11,13,SALE,train
SNK-002,2025-02-12,24,SALE,train
SNK-002,2025-02-13,24,SALE,train
SNK-002,2025-02-14,13,SALE,train
SNK-002,2025-02-15,25,SALE,train
SNK-002,2025-02-16,22,SALE,train
SNK-002,2025-02-17,24,SALE,train
SNK-002,2025-02-18,15,SALE,train
SNK-002,2025-02-19,21,SALE,train
SNK-002,2025-02-20,280,RESTOCK,train
SNK-002,2025-02-20,10,SALE,train
SNK-002,2025-02-21,7,SALE,train
SNK-002,2025-02-22,21,SALE,train
SNK-002,2025-02-23,26,SALE,train
SNK-002,2025-02-24,21,SALE,train
SNK-002,2025-02-25,20,SALE,train
SNK-002,2025-02-26,19,SALE,train
SNK-002,2025-02-27,15,SALE,train
SNK-002,2025-02-28,19,SALE,train
SNK-002,2025-03-01,22,SALE,train
SNK-002,2025-03-02,18,SALE,train
SNK-002,2025-03-03,24,SALE,train
SNK-002,2025-03-04,21,SALE,train
SNK-002,2025-03-05,22,SALE,train
SNK-002,2025-03-06,25,SALE,train
SNK-002,2025-03-07,280,RESTOCK,train
SNK-002,2025-03-07,17,SALE,train
SNK-002,2025-03-08,24,SALE,train
SNK-002,2025-03-09,18,SALE,train
SNK-002,2025-03-10,22,SALE,train
SNK-002,2025-03-11,16,SALE,train
SNK-002,2025-03-12,15,SALE,train
SNK-002,2025-03-13,21,SALE,train
SNK-002,2025-03-14,9,SALE,train
SNK-002,2025-03-15,18,SALE,train
SNK-002,2025-03-16,11,SALE,train
SNK-002,2025-03-17,24,SALE,train
SNK-002,2025-03-18,26,SALE,train
SNK-002,2025-03-19,15,SALE,train
SNK-002,2025-03-20,22,SALE,train
SNK-002,2025-03-22,280,RESTOCK,train
SNK-002,2025-03-22,25,SALE,train
SNK-002,2025-03-23,21,SALE,train
SNK-002,2025-03-24,24,SALE,train
SNK-002,2025-03-25,16,SALE,train
SNK-002,2025-03-26,20,SALE,train
SNK-002,2025-03-27,17,SALE,train
SNK-002,2025-03-29,20,SALE,train
SNK-002,2025-03-30,22,SALE,train
SNK-002,2025-03-31,27,SALE,train
SNK-002,2025-04-01,21,SALE,train
SNK-002,2025-04-02,24,SALE,train
SNK-002,2025-04-03,24,SALE,train
SNK-002,2025-04-04,35,SALE,train
SNK-002,2025-04-05,10,SALE,train
SNK-002,2025-04-06,280,RESTOCK,train
SNK-002,2025-04-06,16,SALE,train
SNK-002,2025-04-07,28,SALE,train
SNK-002,2025-04-08,18,SALE,train
SNK-002,2025-04-09,25,SALE,train
SNK-002,2025-04-10,21,SALE,train
SNK-002,2025-04-11,95,SALE,train
SNK-002,2025-04-12,41,SALE,train
SNK-002,2025-04-13,62,SALE,train
SNK-002,2025-04-15,280,RESTOCK,train
SNK-002,2025-04-15,43,SALE,train
SNK-002,2025-04-16,73,SALE,train
SNK-002,2025-04-17,44,SALE,train
SNK-002,2025-04-19,19,SALE,train
SNK-002,2025-04-20,7,SALE,train
SNK-002,2025-04-21,22,SALE,train
SNK-002,2025-04-22,21,SALE,train
SNK-002,2025-04-23,280,RESTOCK,train
SNK-002,2025-04-23,28,SALE,train
SNK-002,2025-04-24,23,SALE,train
SNK-002,2025-04-25,33,SALE,train
SNK-002,2025-04-26,21,SALE,train
SNK-002,2025-04-27,19,SALE,train
SNK-002,2025-04-28,19,SALE,train
SNK-002,2025-04-29,18,SALE,train
SNK-002,2025-04-30,8,SALE,train
SNK-002,2025-05-01,19,SALE,train
SNK-002,2025-05-02,8,SALE,train
SNK-002,2025-05-03,23,SALE,train
SNK-002,2025-05-04,13,SALE,train
SNK-002,2025-05-05,15,SALE,train
SNK-002,2025-05-06,16,SALE,train
SNK-002,2025-05-07,19,SALE,train
SNK-002,2025-05-08,280,RESTOCK,train
SNK-002,2025-05-08,20,SALE,train
SNK-002,2025-05-09,26,SALE,train
SNK-002,2025-05-10,17,SALE,train
SNK-002,2025-05-11,23,SALE,train
SNK-002,2025-05-12,35,SALE,train
SNK-002,2025-05-13,22,SALE,train
SNK-002,2025-05-14,19,SALE,train
SNK-002,2025-05-15,16,SALE,train
SNK-002,2025-05-16,19,SALE,train
SNK-002,2025-05-17,15,SALE,train
SNK-002,2025-05-18,22,SALE,train
SNK-002,2025-05-19,21,SALE,train
SNK-002,2025-05-20,8,SALE,train
SNK-002,2025-05-21,20,SALE,train
SNK-002,2025-05-22,26,SALE,train
SNK-002,2025-05-23,18,SALE,train
SNK-002,2025-05-24,280,RESTOCK,train
SNK-002,2025-05-24,16,SALE,train
SNK-002,2025-05-25,12,SALE,train
SNK-002,2025-05-26,10,SALE,train
SNK-002,2025-05-27,25,SALE,train
SNK-002,2025-05-28,19,SALE,train
SNK-002,2025-05-29,24,SALE,train
SNK-002,2025-05-30,29,SALE,train
SNK-002,2025-05-31,25,SALE,train
SNK-002,2025-06-01,17,SALE,train
SNK-002,2025-06-02,21,SALE,train
SNK-002,2025-06-03,17,SALE,train
SNK-002,2025-06-04,16,SALE,train
SNK-002,2025-06-05,22,SALE,train
SNK-002,2025-06-06,15,SALE,train
SNK-002,2025-06-08,14,SALE,train
SNK-002,2025-06-09,280,RESTOCK,train
SNK-002,2025-06-09,18,SALE,train
SNK-002,2025-06-10,29,SALE,train
SNK-002,2025-06-11,17,SALE,train
SNK-002,2025-06-12,23,SALE,train
SNK-002,2025-06-13,19,SALE,train
SNK-002,2025-06-14,27,SALE,train
SNK-002,2025-06-15,26,SALE,train
SNK-002,2025-06-16,27,SALE,train
SNK-002,2025-06-18,21,SALE,train
SNK-002,2025-06-19,24,SALE,train
SNK-002,2025-06-20,280,RESTOCK,train
SNK-002,2025-06-20,22,SALE,train
SNK-002,2025-06-21,24,SALE,train
SNK-002,2025-06-22,20,SALE,train
SNK-002,2025-06-23,16,SALE,train
SNK-002,2025-06-24,10,SALE,train
SNK-002,2025-06-25,16,SALE,train
SNK-002,2025-06-26,35,SALE,train
SNK-002,2025-06-27,17,SALE,train
SNK-002,2025-06-28,9,SALE,train
SNK-002,2025-06-29,24,SALE,train
SNK-002,2025-06-30,25,SALE,train
SNK-002,2025-07-01,27,SALE,train
SNK-002,2025-07-02,23,SALE,train
SNK-002,2025-07-03,25,SALE,train
SNK-002,2025-07-04,30,SALE,train
SNK-002,2025-07-05,6,SALE,train
SNK-002,2025-07-06,280,RESTOCK,train
SNK-002,2025-07-06,15,SALE,train
SNK-002,2025-07-07,14,SALE,train
SNK-002,2025-07-08,19,SALE,train
SNK-002,2025-07-10,23,SALE,train
SNK-002,2025-07-11,23,SALE,train
SNK-002,2025-07-12,10,SALE,train
SNK-002,2025-07-13,16,SALE,train
SNK-002,2025-07-14,10,SALE,train
SNK-002,2025-07-15,27,SALE,train
SNK-002,2025-07-16,29,SALE,train
SNK-002,2025-07-17,24,SALE,train
SNK-002,2025-07-18,14,SALE,train
SNK-002,2025-07-19,28,SALE,train
SNK-002,2025-07-20,280,RESTOCK,train
SNK-002,2025-07-20,19,SALE,train
SNK-002,2025-07-21,13,SALE,train
SNK-002,2025-07-22,15,SALE,train
SNK-002,2025-07-23,18,SALE,train
SNK-002,2025-07-24,20,SALE,train
SNK-002,2025-07-25,19,SALE,train
SNK-002,2025-07-26,12,SALE,train
SNK-002,2025-07-27,27,SALE,train
SNK-002,2025-07-28,19,SALE,train
SNK-002,2025-07-29,16,SALE,train
SNK-002,2025-07-30,26,SALE,train
SNK-002,2025-07-31,13,SALE,train
SNK-002,2025-08-01,11,SALE,train
SNK-002,2025-08-02,27,SALE,train
SNK-002,2025-08-03,280,RESTOCK,train
SNK-002,2025-08-03,31,SALE,train
SNK-002,2025-08-04,17,SALE,train
SNK-002,2025-08-05,20,SALE,train
SNK-002,2025-08-06,14,SALE,train
SNK-002,2025-08-07,20,SALE,train
SNK-002,2025-08-08,17,SALE,train
SNK-002,2025-08-09,19,SALE,train
SNK-002,2025-08-10,22,SALE,train
SNK-002,2025-08-11,14,SALE,train
SNK-002,2025-08-12,18,SALE,train
SNK-002,2025-08-13,10,SALE,train
SNK-002,2025-08-14,18,SALE,train
SNK-002,2025-08-15,19,SALE,train
SNK-002,2025-08-16,21,SALE,train
SNK-002,2025-08-17,21,SALE,train
SNK-002,2025-08-18,25,SALE,train
SNK-002,2025-08-19,11,SALE,train
SNK-002,2025-08-20,280,RESTOCK,train
SNK-002,2025-08-20,12,SALE,train
SNK-002,2025-08-21,23,SALE,train
SNK-002,2025-08-22,9,SALE,train
SNK-002,2025-08-23,21,SALE,train
SNK-002,2025-08-24,13,SALE,train
SNK-002,2025-08-26,21,SALE,train
SNK-002,2025-08-27,19,SALE,train
SNK-002,2025-08-28,27,SALE,train
SNK-002,2025-08-29,14,SALE,train
SNK-002,2025-08-30,15,SALE,train
SNK-002,2025-08-31,13,SALE,train
SNK-002,2025-09-01,15,SALE,train
SNK-002,2025-09-02,20,SALE,train
SNK-002,2025-09-03,23,SALE,train
SNK-002,2025-09-04,25,SALE,train
SNK-002,2025-09-05,10,SALE,train
SNK-002,2025-09-06,16,SALE,train
SNK-002,2025-09-07,280,RESTOCK,train
SNK-002,2025-09-07,14,SALE,train
SNK-002,2025-09-08,19,SALE,train
SNK-002,2025-09-09,33,SALE,train
SNK-002,2025-09-10,22,SALE,train
SNK-002,2025-09-11,25,SALE,train
SNK-002,2025-09-12,31,SALE,train
SNK-002,2025-09-13,26,SALE,train
SNK-002,2025-09-14,17,SALE,train
SNK-002,2025-09-15,13,SALE,train
SNK-002,2025-09-16,20,SALE,train
SNK-002,2025-09-17,17,SALE,train
SNK-002,2025-09-18,11,SALE,train
SNK-002,2025-09-19,21,SALE,train
SNK-002,2025-09-20,11,SALE,train
SNK-002,2025-09-21,280,RESTOCK,train
SNK-002,2025-09-21,30,SALE,train
SNK-002,2025-09-22,18,SALE,train
SNK-002,2025-09-23,22,SALE,train
SNK-002,2025-09-24,16,SALE,train
SNK-002,2025-09-25,25,SALE,train
SNK-002,2025-09-26,19,SALE,train
SNK-002,2025-09-27,13,SALE,train
SNK-002,2025-09-28,20,SALE,holdout
SNK-002,2025-09-29,22,SALE,holdout
SNK-002,2025-09-30,21,SALE,holdout
SNK-002,2025-10-01,26,SALE,holdout
SNK-002,2025-10-02,12,SALE,holdout
SNK-002,2025-10-03,280,RESTOCK,holdout
SNK-002,2025-10-03,15,SALE,holdout
SNK-002,2025-10-04,24,SALE,holdout
SNK-002,2025-10-05,16,SALE,holdout
SNK-002,2025-10-06,21,SALE,holdout
SNK-002,2025-10-07,6,SALE,holdout
SNK-002,2025-10-08,35,SALE,holdout
SNK-002,2025-10-09,18,SALE,holdout
SNK-002,2025-10-10,27,SALE,holdout
SNK-002,2025-10-11,18,SALE,holdout
SNK-002,2025-10-12,22,SALE,holdout
SNK-002,2025-10-13,28,SALE,holdout
SNK-002,2025-10-14,27,SALE,holdout
SNK-002,2025-10-15,19,SALE,holdout
SNK-002,2025-10-16,19,SALE,holdout
SNK-002,2025-10-17,280,RESTOCK,holdout
SNK-002,2025-10-17,26,SALE,holdout
SNK-002,2025-10-18,33,SALE,holdout
SNK-002,2025-10-19,21,SALE,holdout
SNK-002,2025-10-22,25,SALE,holdout
SNK-002,2025-10-23,26,SALE,holdout
SNK-002,2025-10-24,18,SALE,holdout
SNK-002,2025-10-25,16,SALE,holdout
SNK-002,2025-10-26,26,SALE,holdout
SNK-002,2025-10-27,17,SALE,holdout
SNK-003,2025-01-01,2,SALE,train
SNK-003,2025-01-02,2,SALE,train
SNK-003,2025-01-03,1,SALE,train
SNK-003,2025-01-04,1,SALE,train
SNK-003,2025-01-05,1,SALE,train
SNK-003,2025-01-06,1,SALE,train
SNK-003,2025-01-07,1,SALE,train
SNK-003,2025-01-08,1,SALE,train
SNK-003,2025-01-10,1,SALE,train
SNK-003,2025-01-11,2,SALE,train
SNK-003,2025-01-12,1,SALE,train
SNK-003,2025-01-13,1,SALE,train
SNK-003,2025-01-16,1,SALE,train
SNK-003,2025-01-17,1,SALE,train
SNK-003,2025-01-20,1,SALE,train
SNK-003,2025-01-21,2,SALE,train
SNK-003,2025-01-22,1,SALE,train
SNK-003,2025-01-23,1,SALE,train
SNK-003,2025-01-24,1,SALE,train
SNK-003,2025-01-25,2,SALE,train
SNK-003,2025-01-26,2,SALE,train
SNK-003,2025-01-28,2,SALE,train
SNK-003,2025-01-29,1,SALE,train
SNK-003,2025-01-30,2,SALE,train
SNK-003,2025-01-31,1,SALE,train
SNK-003,2025-02-01,2,SALE,train
SNK-003,2025-02-03,1,SALE,train
SNK-003,2025-02-04,2,SALE,train
SNK-003,2025-02-06,1,SALE,train
SNK-003,2025-02-07,1,SALE,train
SNK-003,2025-02-08,2,SALE,train
SNK-003,2025-02-09,2,SALE,train
SNK-003,2025-02-10,1,SALE,train
SNK-003,2025-02-12,17,RESTOCK,train
SNK-003,2025-02-12,1,SALE,train
SNK-003,2025-02-13,1,SALE,train
SNK-003,2025-02-15,2,SALE,train
SNK-003,2025-02-16,1,SALE,train
SNK-003,2025-02-17,1,SALE,train
SNK-003,2025-02-18,1,SALE,train
SNK-003,2025-02-19,2,SALE,train
SNK-003,2025-02-20,1,SALE,train
SNK-003,2025-02-21,2,SALE,train
SNK-003,2025-02-22,2,SALE,train
SNK-003,2025-02-23,2,SALE,train
SNK-003,2025-02-25,17,RESTOCK,train
SNK-003,2025-02-25,2,SALE,train
SNK-003,2025-02-26,2,SALE,train
SNK-003,2025-02-27,1,SALE,train
SNK-003,2025-03-02,1,SALE,train
SNK-003,2025-03-03,1,SALE,train
SNK-003,2025-03-06,1,SALE,train
SNK-003,2025-03-08,2,SALE,train
SNK-003,2025-03-09,2,SALE,train
SNK-003,2025-03-10,1,SALE,train
SNK-003,2025-03-11,1,SALE,train
SNK-003,2025-03-12,1,SALE,train
SNK-003,2025-03-13,2,SALE,train
SNK-003,2025-03-14,1,SALE,train
SNK-003,2025-03-15,17,RESTOCK,train
SNK-003,2025-03-15,2,SALE,train
SNK-003,2025-03-16,2,SALE,train
SNK-003,2025-03-17,1,SALE,train
SNK-003,2025-03-18,1,SALE,train
SNK-003,2025-03-19,2,SALE,train
SNK-003,2025-03-20,1,SALE,train
SNK-003,2025-03-23,1,SALE,train
SNK-003,2025-03-24,2,SALE,train
SNK-003,2025-03-25,17,RESTOCK,train
SNK-003,2025-03-25,1,SALE,train
SNK-003,2025-03-26,1,SALE,train
SNK-003,2025-03-27,1,SALE,train
SNK-003,2025-03-28,1,SALE,train
SNK-003,2025-03-30,1,SALE,train
SNK-003,2025-03-31,1,SALE,train
SNK-003,2025-04-01,1,SALE,train
SNK-003,2025-04-02,1,SALE,train
SNK-003,2025-04-03,1,SALE,train
SNK-003,2025-04-05,2,SALE,train
SNK-003,2025-04-06,1,SALE,train
SNK-003,2025-04-07,1,SALE,train
SNK-003,2025-04-08,2,SALE,train
SNK-003,2025-04-09,2,SALE,train
SNK-003,2025-04-10,2,SALE,train
SNK-003,2025-04-11,1,SALE,train
SNK-003,2025-04-12,1,SALE,train
SNK-003,2025-04-13,17,RESTOCK,train
SNK-003,2025-04-13,1,SALE,train
SNK-003,2025-04-14,1,SALE,train
SNK-003,2025-04-15,2,SALE,train
SNK-003,2025-04-16,3,SALE,train
SNK-003,2025-04-17,1,SALE,train
SNK-003,2025-04-19,1,SALE,train
SNK-003,2025-04-20,3,SALE,train
SNK-003,2025-04-21,2,SALE,train
SNK-003,2025-04-22,2,SALE,train
SNK-003,2025-04-23,1,SALE,train
SNK-003,2025-04-25,1,SALE,train
SNK-003,2025-04-26,17,RESTOCK,train
SNK-003,2025-04-26,1,SALE,train
SNK-003,2025-04-27,2,SALE,train
SNK-003,2025-04-29,1,SALE,train
SNK-003,2025-04-30,2,SALE,train
SNK-003,2025-05-01,1,SALE,train
SNK-003,2025-05-02,1,SALE,train
SNK-003,2025-05-03,1,SALE,train
SNK-003,2025-05-06,2,SALE,train
SNK-003,2025-05-07,1,SALE,train
SNK-003,2025-05-08,17,RESTOCK,train
SNK-003,2025-05-08,2,SALE,train
SNK-003,2025-05-09,2,SALE,train
SNK-003,2025-05-10,2,SALE,train
SNK-003,2025-05-12,1,SALE,train
SNK-003,2025-05-13,2,SALE,train
SNK-003,2025-05-14,2,SALE,train
SNK-003,2025-05-16,1,SALE,train
SNK-003,2025-05-17,2,SALE,train
SNK-003,2025-05-18,1,SALE,train
SNK-003,2025-05-20,1,SALE,train
SNK-003,2025-05-21,1,SALE,train
SNK-003,2025-05-23,17,RESTOCK,train
SNK-003,2025-05-25,1,SALE,train
SNK-003,2025-05-26,1,SALE,train
SNK-003,2025-05-27,1,SALE,train
SNK-003,2025-05-28,1,SALE,train
SNK-003,2025-05-30,1,SALE,train
SNK-003,2025-06-01,2,SALE,train
SNK-003,2025-06-02,2,SALE,train
SNK-003,2025-06-04,1,SALE,train
SNK-003,2025-06-06,1,SALE,train
SNK-003,2025-06-07,2,SALE,train
SNK-003,2025-06-08,1,SALE,train
SNK-003,2025-06-09,1,SALE,train
SNK-003,2025-06-10,3,SALE,train
SNK-003,2025-06-11,1,SALE,train
SNK-003,2025-06-12,2,SALE,train
SNK-003,2025-06-13,17,RESTOCK,train
SNK-003,2025-06-13,2,SALE,train
SNK-003,2025-06-14,1,SALE,train
SNK-003,2025-06-15,1,SALE,train
SNK-003,2025-06-16,1,SALE,train
SNK-003,2025-06-18,1,SALE,train
SNK-003,2025-06-19,1,SALE,train
SNK-003,2025-06-20,1,SALE,train
SNK-003,2025-06-21,3,SALE,train
SNK-003,2025-06-22,1,SALE,train
SNK-003,2025-06-23,2,SALE,train
SNK-003,2025-06-25,2,SALE,train
SNK-003,2025-06-27,17,RESTOCK,train
SNK-003,2025-06-27,2,SALE,train
SNK-003,2025-06-28,1,SALE,train
SNK-003,2025-06-29,1,SALE,train
SNK-003,2025-06-30,1,SALE,train
SNK-003,2025-07-03,2,SALE,train
SNK-003,2025-07-04,1,SALE,train
SNK-003,2025-07-05,1,SALE,train
SNK-003,2025-07-06,2,SALE,train
SNK-003,2025-07-07,1,SALE,train
SNK-003,2025-07-08,1,SALE,train
SNK-003,2025-07-09,3,SALE,train
SNK-003,2025-07-10,2,SALE,train
SNK-003,2025-07-11,1,SALE,train
SNK-003,2025-07-12,17,RESTOCK,train
SNK-003,2025-07-12,1,SALE,train
SNK-003,2025-07-13,2,SALE,train
SNK-003,2025-07-14,1,SALE,train
SNK-003,2025-07-15,1,SALE,train
SNK-003,2025-07-16,2,SALE,train
SNK-003,2025-07-17,1,SALE,train
SNK-003,2025-07-18,1,SALE,train
SNK-003,2025-07-19,1,SALE,train
SNK-003,2025-07-20,2,SALE,train
SNK-003,2025-07-21,2,SALE,train
SNK-003,2025-07-22,2,SALE,train
SNK-003,2025-07-23,17,RESTOCK,train
SNK-003,2025-07-24,2,SALE,train
SNK-003,2025-07-25,1,SALE,train
SNK-003,2025-07-26,1,SALE,train
SNK-003,2025-07-27,2,SALE,train
SNK-003,2025-07-28,2,SALE,train
SNK-003,2025-07-29,1,SALE,train
SNK-003,2025-07-31,1,SALE,train
SNK-003,2025-08-01,1,SALE,train
SNK-003,2025-08-02,2,SALE,train
SNK-003,2025-08-03,2,SALE,train
SNK-003,2025-08-04,17,RESTOCK,train
SNK-003,2025-08-04,1,SALE,train
SNK-003,2025-08-05,1,SALE,train
SNK-003,2025-08-06,2,SALE,train
SNK-003,2025-08-07,1,SALE,train
SNK-003,2025-08-09,1,SALE,train
SNK-003,2025-08-10,1,SALE,train
SNK-003,2025-08-11,1,SALE,train
SNK-003,2025-08-12,2,SALE,train
SNK-003,2025-08-14,1,SALE,train
SNK-003,2025-08-15,1,SALE,train
SNK-003,2025-08-16,1,SALE,train
SNK-003,2025-08-17,2,SALE,train
SNK-003,2025-08-18,2,SALE,train
SNK-003,2025-08-21,1,SALE,train
SNK-003,2025-08-22,1,SALE,train
SNK-003,2025-08-23,17,RESTOCK,train
SNK-003,2025-08-24,1,SALE,train
SNK-003,2025-08-25,1,SALE,train
SNK-003,2025-08-26,1,SALE,train
SNK-003,2025-08-27,1,SALE,train
SNK-003,2025-08-28,1,SALE,train
SNK-003,2025-08-29,1,SALE,train
SNK-003,2025-08-30,2,SALE,train
SNK-003,2025-09-01,1,SALE,train
SNK-003,2025-09-02,1,SALE,train
SNK-003,2025-09-03,1,SALE,train
SNK-003,2025-09-04,1,SALE,train
SNK-003,2025-09-05,3,SALE,train
SNK-003,2025-09-06,2,SALE,train
SNK-003,2025-09-07,17,RESTOCK,train
SNK-003,2025-09-07,2,SALE,train
SNK-003,2025-09-08,1,SALE,train
SNK-003,2025-09-10,1,SALE,train
SNK-003,2025-09-11,1,SALE,train
SNK-003,2025-09-12,1,SALE,train
SNK-003,2025-09-14,2,SALE,train
SNK-003,2025-09-15,1,SALE,train
SNK-003,2025-09-16,2,SALE,train
SNK-003,2025-09-17,1,SALE,train
SNK-003,2025-09-18,1,SALE,train
SNK-003,2025-09-19,1,SALE,train
SNK-003,2025-09-20,1,SALE,train
SNK-003,2025-09-21,2,SALE,train
SNK-003,2025-09-22,17,RESTOCK,train
SNK-003,2025-09-22,2,SALE,train
SNK-003,2025-09-23,3,SALE,train
SNK-003,2025-09-24,1,SALE,train
SNK-003,2025-09-26,1,SALE,train
SNK-003,2025-09-27,1,SALE,train
SNK-003,2025-09-28,2,SALE,holdout
SNK-003,2025-09-29,1,SALE,holdout
SNK-003,2025-09-30,1,SALE,holdout
SNK-003,2025-10-01,2,SALE,holdout
SNK-003,2025-10-03,1,SALE,holdout
SNK-003,2025-10-04,17,RESTOCK,holdout
SNK-003,2025-10-05,1,SALE,holdout
SNK-003,2025-10-06,2,SALE,holdout
SNK-003,2025-10-07,1,SALE,holdout
SNK-003,2025-10-08,1,SALE,holdout
SNK-003,2025-10-10,1,SALE,holdout
SNK-003,2025-10-11,2,SALE,holdout
SNK-003,2025-10-12,1,SALE,holdout
SNK-003,2025-10-13,1,SALE,holdout
SNK-003,2025-10-14,2,SALE,holdout
SNK-003,2025-10-15,1,SALE,holdout
SNK-003,2025-10-16,2,SALE,holdout
SNK-003,2025-10-18,2,SALE,holdout
SNK-003,2025-10-19,2,SALE,holdout
SNK-003,2025-10-20,17,RESTOCK,holdout
SNK-003,2025-10-20,2,SALE,holdout
SNK-003,2025-10-22,1,SALE,holdout
SNK-003,2025-10-23,1,SALE,holdout
SNK-003,2025-10-24,2,SALE,holdout
SNK-004,2025-01-01,10,SALE,train
SNK-004,2025-01-02,13,SALE,train
SNK-004,2025-01-03,6,SALE,train
SNK-004,2025-01-04,8,SALE,train
SNK-004,2025-01-05,8,SALE,train
SNK-004,2025-01-06,12,SALE,train
SNK-004,2025-01-07,9,SALE,train
SNK-004,2025-01-08,7,SALE,train
SNK-004,2025-01-09,10,SALE,train
SNK-004,2025-01-10,7,SALE,train
SNK-004,2025-01-11,126,RESTOCK,train
SNK-004,2025-01-12,7,SALE,train
SNK-004,2025-01-13,13,SALE,train
SNK-004,2025-01-14,10,SALE,train
SNK-004,2025-01-15,9,SALE,train
SNK-004,2025-01-16,8,SALE,train
SNK-004,2025-01-17,10,SALE,train
SNK-004,2025-01-18,10,SALE,train
SNK-004,2025-01-19,10,SALE,train
SNK-004,2025-01-20,9,SALE,train
SNK-004,2025-01-21,11,SALE,train
SNK-004,2025-01-22,9,SALE,train
SNK-004,2025-01-23,7,SALE,train
SNK-004,2025-01-24,8,SALE,train
SNK-004,2025-01-25,5,SALE,train
SNK-004,2025-01-26,126,RESTOCK,train
SNK-004,2025-01-26,14,SALE,train
SNK-004,2025-01-27,11,SALE,train
SNK-004,2025-01-28,7,SALE,train
SNK-004,2025-01-29,8,SALE,train
SNK-004,2025-01-30,8,SALE,train
SNK-004,2025-01-31,12,SALE,train
SNK-004,2025-02-01,6,SALE,train
SNK-004,2025-02-02,9,SALE,train
SNK-004,2025-02-03,9,SALE,train
SNK-004,2025-02-04,11,SALE,train
SNK-004,2025-02-05,9,SALE,train
SNK-004,2025-02-06,5,SALE,train
SNK-004,2025-02-07,126,RESTOCK,train
SNK-004,2025-02-07,8,SALE,train
SNK-004,2025-02-08,7,SALE,train
SNK-004,2025-02-09,9,SALE,train
SNK-004,2025-02-10,12,SALE,train
SNK-004,2025-02-11,5,SALE,train
SNK-004,2025-02-12,7,SALE,train
SNK-004,2025-02-13,8,SALE,train
SNK-004,2025-02-14,8,SALE,train
SNK-004,2025-02-15,11,SALE,train
SNK-004,2025-02-16,9,SALE,train
SNK-004,2025-02-17,10,SALE,train
SNK-004,2025-02-18,8,SALE,train
SNK-004,2025-02-19,10,SALE,train
SNK-004,2025-02-20,11,SALE,train
SNK-004,2025-02-21,7,SALE,train
SNK-004,2025-02-22,126,RESTOCK,train
SNK-004,2025-02-22,11,SALE,train
SNK-004,2025-02-23,9,SALE,train
SNK-004,2025-02-24,11,SALE,train
SNK-004,2025-02-25,9,SALE,train
SNK-004,2025-02-26,10,SALE,train
SNK-004,2025-02-27,9,SALE,train
SNK-004,2025-02-28,9,SALE,train
SNK-004,2025-03-01,10,SALE,train
SNK-004,2025-03-02,10,SALE,train
SNK-004,2025-03-03,6,SALE,train
SNK-004,2025-03-04,12,SALE,train
SNK-004,2025-03-05,5,SALE,train
SNK-004,2025-03-06,7,SALE,train
SNK-004,2025-03-07,126,RESTOCK,train
SNK-004,2025-03-07,9,SALE,train
SNK-004,2025-03-08,10,SALE,train
SNK-004,2025-03-09,13,SALE,train
SNK-004,2025-03-10,5,SALE,train
SNK-004,2025-03-11,8,SALE,train
SNK-004,2025-03-12,4,SALE,train
SNK-004,2025-03-13,9,SALE,train
SNK-004,2025-03-14,10,SALE,train
SNK-004,2025-03-15,13,SALE,train
SNK-004,2025-03-16,9,SALE,train
SNK-004,2025-03-17,11,SALE,train
SNK-004,2025-03-18,10,SALE,train
SNK-004,2025-03-19,8,SALE,train
SNK-004,2025-03-20,6,SALE,train
SNK-004,2025-03-21,126,RESTOCK,train
SNK-004,2025-03-21,10,SALE,train
SNK-004,2025-03-22,6,SALE,train
SNK-004,2025-03-23,12,SALE,train
SNK-004,2025-03-24,9,SALE,train
SNK-004,2025-03-25,12,SALE,train
SNK-004,2025-03-26,8,SALE,train
SNK-004,2025-03-27,10,SALE,train
SNK-004,2025-03-28,9,SALE,train
SNK-004,2025-03-29,9,SALE,train
SNK-004,2025-03-30,8,SALE,train
SNK-004,2025-03-31,10,SALE,train
SNK-004,2025-04-01,7,SALE,train
SNK-004,2025-04-02,6,SALE,train
SNK-004,2025-04-03,12,SALE,train
SNK-004,2025-04-04,11,SALE,train
SNK-004,2025-04-05,9,SALE,train
SNK-004,2025-04-06,126,RESTOCK,train
SNK-004,2025-04-06,13,SALE,train
SNK-004,2025-04-07,8,SALE,train
SNK-004,2025-04-08,12,SALE,train
SNK-004,2025-04-09,9,SALE,train
SNK-004,2025-04-10,7,SALE,train
SNK-004,2025-04-11,13,SALE,train
SNK-004,2025-04-12,11,SALE,train
SNK-004,2025-04-13,9,SALE,train
SNK-004,2025-04-14,11,SALE,train
SNK-004,2025-04-15,8,SALE,train
SNK-004,2025-04-16,11,SALE,train
SNK-004,2025-04-17,126,RESTOCK,train
SNK-004,2025-04-17,4,SALE,train
SNK-004,2025-04-18,7,SALE,train
SNK-004,2025-04-19,11,SALE,train
SNK-004,2025-04-20,8,SALE,train
SNK-004,2025-04-21,9,SALE,train
SNK-004,2025-04-22,6,SALE,train
SNK-004,2025-04-23,13,SALE,train
SNK-004,2025-04-24,12,SALE,train
SNK-004,2025-04-25,9,SALE,train
SNK-004,2025-04-26,8,SALE,train
SNK-004,2025-04-27,11,SALE,train
SNK-004,2025-04-28,13,SALE,train
SNK-004,2025-04-29,11,SALE,train
SNK-004,2025-04-30,14,SALE,train
SNK-004,2025-05-01,126,RESTOCK,train
SNK-004,2025-05-01,7,SALE,train
SNK-004,2025-05-02,7,SALE,train
SNK-004,2025-05-03,6,SALE,train
SNK-004,2025-05-04,10,SALE,train
SNK-004,2025-05-05,9,SALE,train
SNK-004,2025-05-06,9,SALE,train
SNK-004,2025-05-07,11,SALE,train
SNK-004,2025-05-08,12,SALE,train
SNK-004,2025-05-09,6,SALE,train
SNK-004,2025-05-10,8,SALE,train
SNK-004,2025-05-11,11,SALE,train
SNK-004,2025-05-12,8,SALE,train
SNK-004,2025-05-13,7,SALE,train
SNK-004,2025-05-14,126,RESTOCK,train
SNK-004,2025-05-14,11,SALE,train
SNK-004,2025-05-15,6,SALE,train
SNK-004,2025-05-16,8,SALE,train
SNK-004,2025-05-17,10,SALE,train
SNK-004,2025-05-19,11,SALE,train
SNK-004,2025-05-20,8,SALE,train
SNK-004,2025-05-21,12,SALE,train
SNK-004,2025-05-22,9,SALE,train
SNK-004,2025-05-23,11,SALE,train
SNK-004,2025-05-24,11,SALE,train
SNK-004,2025-05-25,8,SALE,train
SNK-004,2025-05-26,4,SALE,train
SNK-004,2025-05-27,10,SALE,train
SNK-004,2025-05-28,9,SALE,train
SNK-004,2025-05-29,126,RESTOCK,train
SNK-004,2025-05-29,10,SALE,train
SNK-004,2025-05-30,8,SALE,train
SNK-004,2025-05-31,8,SALE,train
SNK-004,2025-06-01,14,SALE,train
SNK-004,2025-06-02,6,SALE,train
SNK-004,2025-06-03,11,SALE,train
SNK-004,2025-06-04,8,SALE,train
SNK-004,2025-06-05,8,SALE,train
SNK-004,2025-06-06,8,SALE,train
SNK-004,2025-06-07,7,SALE,train
SNK-004,2025-06-08,10,SALE,train
SNK-004,2025-06-09,12,SALE,train
SNK-004,2025-06-10,10,SALE,train
SNK-004,2025-06-11,9,SALE,train
SNK-004,2025-06-12,126,RESTOCK,train
SNK-004,2025-06-12,7,SALE,train
SNK-004,2025-06-13,10,SALE,train
SNK-004,2025-06-14,14,SALE,train
SNK-004,2025-06-15,8,SALE,train
SNK-004,2025-06-16,8,SALE,train
SNK-004,2025-06-17,8,SALE,train
SNK-004,2025-06-18,8,SALE,train
SNK-004,2025-06-19,3,SALE,train
SNK-004,2025-06-20,10,SALE,train
SNK-004,2025-06-21,7,SALE,train
SNK-004,2025-06-22,5,SALE,train
SNK-004,2025-06-23,11,SALE,train
SNK-004,2025-06-24,7,SALE,train
SNK-004,2025-06-25,8,SALE,train
SNK-004,2025-06-26,12,SALE,train
SNK-004,2025-06-27,126,RESTOCK,train
SNK-004,2025-06-27,6,SALE,train
SNK-004,2025-06-28,6,SALE,train
SNK-004,2025-06-29,10,SALE,train
SNK-004,2025-06-30,12,SALE,train
SNK-004,2025-07-01,5,SALE,train
SNK-004,2025-07-02,10,SALE,train
SNK-004,2025-07-03,10,SALE,train
SNK-004,2025-07-04,4,SALE,train
SNK-004,2025-07-05,11,SALE,train
SNK-004,2025-07-06,11,SALE,train
SNK-004,2025-07-07,8,SALE,train
SNK-004,2025-07-08,12,SALE,train
SNK-004,2025-07-09,12,SALE,train
SNK-004,2025-07-10,9,SALE,train
SNK-004,2025-07-11,8,SALE,train
SNK-004,2025-07-12,6,SALE,train
SNK-004,2025-07-13,126,RESTOCK,train
SNK-004,2025-07-13,9,SALE,train
SNK-004,2025-07-14,10,SALE,train
SNK-004,2025-07-15,8,SALE,train
SNK-004,2025-07-16,4,SALE,train
SNK-004,2025-07-17,12,SALE,train
SNK-004,2025-07-18,9,SALE,train
SNK-004,2025-07-19,8,SALE,train
SNK-004,2025-07-20,11,SALE,train
SNK-004,2025-07-21,12,SALE,train
SNK-004,2025-07-22,3,SALE,train
SNK-004,2025-07-23,10,SALE,train
SNK-004,2025-07-24,6,SALE,train
SNK-004,2025-07-25,10,SALE,train
SNK-004,2025-07-26,9,SALE,train
SNK-004,2025-07-27,126,RESTOCK,train
SNK-004,2025-07-27,10,SALE,train
SNK-004,2025-07-28,8,SALE,train
SNK-004,2025-07-29,5,SALE,train
SNK-004,2025-07-30,8,SALE,train
SNK-004,2025-07-31,10,SALE,train
SNK-004,2025-08-01,11,SALE,train
SNK-004,2025-08-02,6,SALE,train
SNK-004,2025-08-03,11,SALE,train
SNK-004,2025-08-04,8,SALE,train
SNK-004,2025-08-05,10,SALE,train
SNK-004,2025-08-06,8,SALE,train
SNK-004,2025-08-09,126,RESTOCK,train
SNK-004,2025-08-09,6,SALE,train
SNK-004,2025-08-10,7,SALE,train
SNK-004,2025-08-11,9,SALE,train
SNK-004,2025-08-12,14,SALE,train
SNK-004,2025-08-13,7,SALE,train
SNK-004,2025-08-14,14,SALE,train
SNK-004,2025-08-15,14,SALE,train
SNK-004,2025-08-16,9,SALE,train
SNK-004,2025-08-17,8,SALE,train
SNK-004,2025-08-18,7,SALE,train
SNK-004,2025-08-19,9,SALE,train
SNK-004,2025-08-20,6,SALE,train
SNK-004,2025-08-21,9,SALE,train
SNK-004,2025-08-22,12,SALE,train
SNK-004,2025-08-23,8,SALE,train
SNK-004,2025-08-24,126,RESTOCK,train
SNK-004,2025-08-24,8,SALE,train
SNK-004,2025-08-25,5,SALE,train
SNK-004,2025-08-26,10,SALE,train
SNK-004,2025-08-27,10,SALE,train
SNK-004,2025-08-28,9,SALE,train
SNK-004,2025-08-29,9,SALE,train
SNK-004,2025-08-30,8,SALE,train
SNK-004,2025-08-31,10,SALE,train
SNK-004,2025-09-01,9,SALE,train
SNK-004,2025-09-02,10,SALE,train
SNK-004,2025-09-03,9,SALE,train
SNK-004,2025-09-04,12,SALE,train
SNK-004,2025-09-05,11,SALE,train
SNK-004,2025-09-06,9,SALE,train
SNK-004,2025-09-07,12,SALE,train
SNK-004,2025-09-08,126,RESTOCK,train
SNK-004,2025-09-08,10,SALE,train
SNK-004,2025-09-09,12,SALE,train
SNK-004,2025-09-10,10,SALE,train
SNK-004,2025-09-11,5,SALE,train
SNK-004,2025-09-12,12,SALE,train
SNK-004,2025-09-13,9,SALE,train
SNK-004,2025-09-14,9,SALE,train
SNK-004,2025-09-15,10,SALE,train
SNK-004,2025-09-16,8,SALE,train
SNK-004,2025-09-17,10,SALE,train
SNK-004,2025-09-18,8,SALE,train
SNK-004,2025-09-19,12,SALE,train
SNK-004,2025-09-20,126,RESTOCK,train
SNK-004,2025-09-20,9,SALE,train
SNK-004,2025-09-21,8,SALE,train
SNK-004,2025-09-22,7,SALE,train
SNK-004,2025-09-23,10,SALE,train
SNK-004,2025-09-24,9,SALE,train
SNK-004,2025-09-25,10,SALE,train
SNK-004,2025-09-26,7,SALE,train
SNK-004,2025-09-27,5,SALE,train
SNK-004,2025-09-28,10,SALE,holdout
SNK-004,2025-09-29,12,SALE,holdout
SNK-004,2025-09-30,7,SALE,holdout
SNK-004,2025-10-01,13,SALE,holdout
SNK-004,2025-10-02,10,SALE,holdout
SNK-004,2025-10-03,9,SALE,holdout
SNK-004,2025-10-04,8,SALE,holdout
SNK-004,2025-10-05,6,SALE,holdout
SNK-004,2025-10-06,126,RESTOCK,holdout
SNK-004,2025-10-06,11,SALE,holdout
SNK-004,2025-10-07,7,SALE,holdout
SNK-004,2025-10-08,7,SALE,holdout
SNK-004,2025-10-09,11,SALE,holdout
SNK-004,2025-10-10,5,SALE,holdout
SNK-004,2025-10-11,6,SALE,holdout
SNK-004,2025-10-12,9,SALE,holdout
SNK-004,2025-10-13,10,SALE,holdout
SNK-004,2025-10-14,10,SALE,holdout
SNK-004,2025-10-15,8,SALE,holdout
SNK-004,2025-10-16,15,SALE,holdout
SNK-004,2025-10-17,8,SALE,holdout
SNK-004,2025-10-18,8,SALE,holdout
SNK-004,2025-10-19,126,RESTOCK,holdout
SNK-004,2025-10-19,7,SALE,holdout
SNK-004,2025-10-20,9,SALE,holdout
SNK-004,2025-10-21,10,SALE,holdout
SNK-004,2025-10-22,12,SALE,holdout
SNK-004,2025-10-23,6,SALE,holdout
SNK-004,2025-10-24,8,SALE,holdout
SNK-004,2025-10-25,10,SALE,holdout
SNK-004,2025-10-26,10,SALE,holdout
SNK-004,2025-10-27,9,SALE,holdout
